COMPANY_ID,Date,CALCULATED_DTD,PROVIDED_DTD,DIFFERENCE,ABS_DIFFERENCE
23286,2024-01-02,0.0442847062338613,0.0442847188552072,-1.2621345898966574e-08,1.2621345898966574e-08
23286,2024-01-03,0.0658898577368419,0.0658898597176662,-1.9808242962549016e-09,1.9808242962549016e-09
23286,2024-01-04,0.0671004271653111,0.0671004289333293,-1.7680182040624715e-09,1.7680182040624715e-09
23286,2024-01-05,0.0698417306109622,0.0698417317444451,-1.1334829047582318e-09,1.1334829047582318e-09
23286,2024-01-08,0.0403542851532135,0.0403542976760115,-1.2522797999958701e-08,1.2522797999958701e-08
23286,2024-01-09,-0.0380561635698562,-0.0380561624021712,-1.1676850042441345e-09,1.1676850042441345e-09
23286,2024-01-10,-0.0401244523731234,-0.0401244510827249,-1.2903984963896775e-09,1.2903984963896775e-09
23286,2024-01-11,0.0137351946106339,0.0137352454870494,-5.0876415498904426e-08,5.0876415498904426e-08
23286,2024-01-12,-0.0162073498195116,-0.0162073483610783,-1.4584333012102046e-09,1.4584333012102046e-09
23286,2024-01-15,-0.0282582827678429,-0.0282582809499923,-1.8178505992172411e-09,1.8178505992172411e-09
23286,2024-01-16,-0.0411672805284833,-0.041167278618228,-1.9102553011629553e-09,1.9102553011629553e-09
23286,2024-01-17,-0.1181425552852718,-0.1181425539845013,-1.3007705051970575e-09,1.3007705051970575e-09
23286,2024-01-18,-0.140850591303592,-0.1408505902619012,-1.0416908169386119e-09,1.0416908169386119e-09
23286,2024-01-19,-0.1817776344883439,-0.1817776336934937,-7.948501856702705e-10,7.948501856702705e-10
23286,2024-01-22,-0.2812776340993316,-0.2812776326911168,-1.4082148225291746e-09,1.4082148225291746e-09
23286,2024-01-23,-0.2434373031587511,-0.2434373020245354,-1.1342156935878478e-09,1.1342156935878478e-09
23286,2024-01-24,-0.1845717617035033,-0.1845717608431003,-8.604029988479311e-10,8.604029988479311e-10
23286,2024-01-25,-0.1240673196859731,-0.1240673183792886,-1.306684496715782e-09,1.306684496715782e-09
23286,2024-01-26,-0.1422171944049226,-0.1422171932032123,-1.2017102868355778e-09,1.2017102868355778e-09
23286,2024-01-29,-0.1691662909492282,-0.1691662900918689,-8.573592946703457e-10,8.573592946703457e-10
23286,2024-01-30,-0.2078071039817803,-0.2078071030586088,-9.231714837021343e-10,9.231714837021343e-10
23286,2024-01-31,-0.1983986594835192,-0.1983986585116944,-9.718248150658582e-10,9.718248150658582e-10
23286,2024-02-01,-0.1958290169553355,-0.195829015727996,-1.2273395078032934e-09,1.2273395078032934e-09
23286,2024-02-02,-0.1902332739765534,-0.1902332727571349,-1.2194185106118027e-09,1.2194185106118027e-09
23286,2024-02-05,-0.2000964601952307,-0.200096458855247,-1.3399837073269083e-09,1.3399837073269083e-09
23286,2024-02-06,-0.1460143391940295,-0.146014337664161,-1.5298685096531983e-09,1.5298685096531983e-09
23286,2024-02-07,-0.173127950437842,-0.17312794932424,-1.1136019884006032e-09,1.1136019884006032e-09
23286,2024-02-08,-0.1498191770852793,-0.1498191758278755,-1.257403819954206e-09,1.257403819954206e-09
23286,2024-02-09,-0.2105834143093757,-0.2105834130969555,-1.2124201920205024e-09,1.2124201920205024e-09
23286,2024-02-14,-0.2336775832444761,-0.2336775819590744,-1.2854017017449593e-09,1.2854017017449593e-09
23286,2024-02-15,-0.2438139871911354,-0.2438139857833846,-1.4077508048160325e-09,1.4077508048160325e-09
23286,2024-02-16,-0.150430719663949,-0.1504307186758151,-9.881339080308749e-10,9.881339080308749e-10
23286,2024-02-19,-0.1919905456957577,-0.1919905448507733,-8.449843880153907e-10,8.449843880153907e-10
23286,2024-02-20,-0.1788410218612396,-0.1788410210942484,-7.669911927798978e-10,7.669911927798978e-10
23286,2024-02-21,-0.1244661145105445,-0.1244661133829786,-1.127565901759553e-09,1.127565901759553e-09
23286,2024-02-22,-0.1135404659313355,-0.1135404647914632,-1.1398723076538886e-09,1.1398723076538886e-09
23286,2024-02-23,-0.1179073266832973,-0.1179073255161881,-1.1671092009502004e-09,1.1671092009502004e-09
23286,2024-02-26,-0.1342428176134674,-0.1342428166163573,-9.971100889405449e-10,9.971100889405449e-10
23286,2024-02-27,-0.1308952100545524,-0.130895208982424,-1.072128413825979e-09,1.072128413825979e-09
23286,2024-02-28,-0.1458760890323227,-0.1458760881191569,-9.131657929817294e-10,9.131657929817294e-10
23286,2024-02-29,-0.1608398691811919,-0.16083986842246,-7.587318828772283e-10,7.587318828772283e-10
23286,2024-03-01,-0.1278471927741479,-0.1278471918060783,-9.680696244629416e-10,9.680696244629416e-10
23286,2024-03-04,-0.1795567692643234,-0.1795567686081282,-6.56195209280952e-10,6.56195209280952e-10
23286,2024-03-05,-0.2264913682219769,-0.2264913673476378,-8.74339101120114e-10,8.74339101120114e-10
23286,2024-03-06,-0.1828616019794159,-0.1828616012245066,-7.54909301736717e-10,7.54909301736717e-10
23286,2024-03-07,-0.1962045698310618,-0.1962045690133746,-8.176871957310539e-10,8.176871957310539e-10
23286,2024-03-08,-0.1996284431631705,-0.1996284423426075,-8.205630064317404e-10,8.205630064317404e-10
23286,2024-03-11,-0.16890651454021,-0.1689065138327625,-7.074474894785965e-10,7.074474894785965e-10
23286,2024-03-12,-0.0927460978168827,-0.0927460965549167,-1.2619660039181468e-09,1.2619660039181468e-09
23286,2024-03-13,-0.1194456063482806,-0.1194456054944277,-8.538528911694598e-10,8.538528911694598e-10
23286,2024-03-14,-0.0913811247616433,-0.0913811237358418,-1.025801499299206e-09,1.025801499299206e-09
23286,2024-03-15,-0.1156003501091089,-0.1156003493088425,-8.002663948181166e-10,8.002663948181166e-10
23286,2024-03-18,-0.1449863930178861,-0.1449863924223857,-5.955003989921437e-10,5.955003989921437e-10
23286,2024-03-19,-0.1894822343597034,-0.189482233780534,-5.791694068779663e-10,5.791694068779663e-10
23286,2024-03-20,-0.1904206117605495,-0.1904206111648823,-5.956672100015936e-10,5.956672100015936e-10
23286,2024-03-21,-0.1542610850642306,-0.1542610845582274,-5.06003211553363e-10,5.06003211553363e-10
23286,2024-03-22,-0.2575374170957444,-0.2575367016149656,-7.154807787901341e-07,7.154807787901341e-07
23286,2024-03-25,-0.2341491025629475,-0.2341480724594801,-1.0301034673865228e-06,1.0301034673865228e-06
23286,2024-03-26,-0.3038881648594823,-0.3038876916600864,-4.731993958895231e-07,4.731993958895231e-07
23286,2024-03-27,-0.3154260874324109,-0.3154255940966248,-4.933357861114374e-07,4.933357861114374e-07
23286,2024-03-28,-0.2881982696468383,-0.2881977309293403,-5.387174979998299e-07,5.387174979998299e-07
23286,2024-04-02,-0.2983782600754694,-0.2983777466660364,-5.134094330228045e-07,5.134094330228045e-07
23286,2024-04-03,-0.3044141873501105,-0.3044135764164614,-6.109336491144646e-07,6.109336491144646e-07
23286,2024-04-05,-0.3686074875992134,-0.3686069583008687,-5.292983447091615e-07,5.292983447091615e-07
23286,2024-04-08,-0.3504298963889458,-0.3504293488484407,-5.475405051025284e-07,5.475405051025284e-07
23286,2024-04-09,-0.3416194892151233,-0.3416189227362612,-5.664788620962646e-07,5.664788620962646e-07
23286,2024-04-10,-0.3358283671767149,-0.3358277942780855,-5.728986293696003e-07,5.728986293696003e-07
23286,2024-04-11,-0.3530329939910075,-0.3530324543113833,-5.39679624211864e-07,5.39679624211864e-07
23286,2024-04-12,-0.3999282191565601,-0.3999277970556975,-4.221008626514866e-07,4.221008626514866e-07
23286,2024-04-15,-0.4235030713457887,-0.4235027092392617,-3.6210652698542845e-07,3.6210652698542845e-07
23286,2024-04-16,-0.4405369416661042,-0.4405365738327447,-3.6783335949364115e-07,3.6783335949364115e-07
23286,2024-04-17,-0.4323703895925022,-0.4323700214255488,-3.6816695336838734e-07,3.6816695336838734e-07
23286,2024-04-18,-0.4357928299707472,-0.435792477133382,-3.528373652139649e-07,3.528373652139649e-07
23286,2024-04-19,-0.4517352048598054,-0.4517348998866767,-3.0497312869526283e-07,3.0497312869526283e-07
23286,2024-04-22,-0.4364875689490325,-0.4364872484723884,-3.204766441111673e-07,3.204766441111673e-07
23286,2024-04-23,-0.427829433529071,-0.4278291040297742,-3.294992967917132e-07,3.294992967917132e-07
23286,2024-04-24,-0.4183996464411114,-0.4183993098050524,-3.366360589729389e-07,3.366360589729389e-07
23286,2024-04-25,-0.4013766057511417,-0.4013762195627345,-3.861884071976185e-07,3.861884071976185e-07
23286,2024-04-26,-0.3117664607832461,-0.3117659326187343,-5.28164511792717e-07,5.28164511792717e-07
23286,2024-04-29,-0.2292485943299188,-0.2292474602622872,-1.1340676315807485e-06,1.1340676315807485e-06
23286,2024-04-30,-0.1857185418437465,-0.185716417814256,-2.1240294905133794e-06,2.1240294905133794e-06
23286,2024-05-02,-0.1378674616879611,-0.1378640761874313,-3.3855005298066843e-06,3.3855005298066843e-06
23286,2024-05-03,-0.1302562256189261,-0.1302527454276918,-3.480191234306318e-06,3.480191234306318e-06
23286,2024-05-06,-0.1391587203129771,-0.1391553206689651,-3.39964401199766e-06,3.39964401199766e-06
23286,2024-05-07,-0.1096995868202101,-0.1096948882429144,-4.6985772956947836e-06,4.6985772956947836e-06
23286,2024-05-08,-0.1755329276705469,-0.175530724170466,-2.203500080899534e-06,2.203500080899534e-06
23286,2024-05-09,-0.1523804153357136,-0.1523776226844743,-2.7926512392861813e-06,2.7926512392861813e-06
23286,2024-05-10,-0.0947222010678653,-0.0947170731832213,-5.127884644004488e-06,5.127884644004488e-06
23286,2024-05-13,-0.0802965770670068,-0.0802909170042585,-5.660062748297223e-06,5.660062748297223e-06
23286,2024-05-14,-0.097516639556648,-0.0975120190508159,-4.6205058320952785e-06,4.6205058320952785e-06
23286,2024-05-16,-0.0198209027908727,-0.0198120512902539,-8.851500618797109e-06,8.851500618797109e-06
23286,2024-05-17,0.0591980345168706,0.0591981057813125,-7.126444190319603e-08,7.126444190319603e-08
23286,2024-05-20,0.031960478742548,0.0319607103546268,-2.3161207880068035e-07,2.3161207880068035e-07
23286,2024-05-21,0.0116727525280713,0.0116732015248783,-4.489968069999045e-07,4.489968069999045e-07
23286,2024-05-22,-0.0041719818858716,-0.0041634133048208,-8.568581050799953e-06,8.568581050799953e-06
23286,2024-05-23,-0.0255285845578945,-0.0255214548059042,-7.129751990301442e-06,7.129751990301442e-06
23286,2024-05-24,-0.0844717568018134,-0.0844676216868348,-4.13511497859842e-06,4.13511497859842e-06
23286,2024-05-27,-0.0685421238746412,-0.0685369945677867,-5.129306854506632e-06,5.129306854506632e-06
23286,2024-05-28,-0.0946132705292779,-0.0946094796424609,-3.790886816998351e-06,3.790886816998351e-06
23286,2024-05-29,-0.0908725918513327,-0.0908684777196305,-4.1141317022042045e-06,4.1141317022042045e-06
23286,2024-05-30,-0.1333573853734177,-0.133354727344107,-2.6580293107092423e-06,2.6580293107092423e-06
23286,2024-05-31,-0.135131807862163,-0.1351291145699382,-2.693292224797972e-06,2.693292224797972e-06
23286,2024-06-03,-0.1010525974226362,-0.1010486937184204,-3.903704215796333e-06,3.903704215796333e-06
23286,2024-06-04,-0.0394278295376438,-0.0394210814008843,-6.748136759500423e-06,6.748136759500423e-06
23286,2024-06-05,-0.0933452964573204,-0.0933411962159795,-4.100241340898592e-06,4.100241340898592e-06
23286,2024-06-06,-0.101754932210402,-0.1017510918387514,-3.8403716505902574e-06,3.8403716505902574e-06
23286,2024-06-07,-0.0652234122541966,-0.065217857960364,-5.554293832601975e-06,5.554293832601975e-06
23286,2024-06-11,-0.0806911027567534,-0.0806861535501115,-4.949206641902126e-06,4.949206641902126e-06
23286,2024-06-12,-0.1108109830299657,-0.1108074788065647,-3.5042234009935447e-06,3.5042234009935447e-06
23286,2024-06-13,-0.1216236787919733,-0.1216205357046192,-3.143087354107177e-06,3.143087354107177e-06
23286,2024-06-14,-0.1071897779314094,-0.1071860470851409,-3.730846268493182e-06,3.730846268493182e-06
23286,2024-06-17,-0.1493911859914308,-0.1493887901211017,-2.3958703291027117e-06,2.3958703291027117e-06
23286,2024-06-18,-0.1785685442591405,-0.1785668637486577,-1.6805104827988249e-06,1.6805104827988249e-06
23286,2024-06-19,-0.2228604382253187,-0.2228595132553367,-9.249699819968704e-07,9.249699819968704e-07
23286,2024-06-20,-0.2515831582967334,-0.251582566524562,-5.917721713766255e-07,5.917721713766255e-07
23286,2024-06-21,-0.2691043447878529,-0.2691038785342773,-4.66253575581721e-07,4.66253575581721e-07
23286,2024-06-24,-0.2786508975968474,-0.2786504471045306,-4.5049231683913504e-07,4.5049231683913504e-07
23286,2024-06-25,-0.2924261918821576,-0.2924257613969985,-4.304851591308001e-07,4.304851591308001e-07
23286,2024-06-26,-0.2906398198824863,-0.2906393401643333,-4.797181530347139e-07,4.797181530347139e-07
23286,2024-06-27,-0.3212383590682001,-0.3212379290273531,-4.300408469881667e-07,4.300408469881667e-07
23286,2024-06-28,-0.3207123419284075,-0.3207118979579724,-4.4397043508226375e-07,4.4397043508226375e-07
23286,2024-07-02,-0.2977944910280042,-0.2977940248946115,-4.6613339271806e-07,4.6613339271806e-07
23286,2024-07-03,-0.2489699734915805,-0.2489692911237115,-6.823678690148771e-07,6.823678690148771e-07
23286,2024-07-04,-0.2747568349124163,-0.2747563432955011,-4.916169152324734e-07,4.916169152324734e-07
23286,2024-07-05,-0.300777190079512,-0.3007767358797577,-4.541997543072718e-07,4.541997543072718e-07
23286,2024-07-08,-0.3156732910280024,-0.3156728707417414,-4.202862610158675e-07,4.202862610158675e-07
23286,2024-07-09,-0.3167875765488772,-0.3167871560227342,-4.2052614296350654e-07,4.2052614296350654e-07
23286,2024-07-10,-0.328988627104776,-0.3289882222394603,-4.0486531571737316e-07,4.0486531571737316e-07
23286,2024-07-11,-0.2959010445357269,-0.2959006144275115,-4.3010821543232325e-07,4.3010821543232325e-07
23286,2024-07-12,-0.2463996235987518,-0.2463988990300926,-7.24568659210556e-07,7.24568659210556e-07
23286,2024-07-15,-0.2697734773211573,-0.2697729737611957,-5.035599616176611e-07,5.035599616176611e-07
23286,2024-07-16,-0.2633716588403917,-0.2633710843656792,-5.74474712522477e-07,5.74474712522477e-07
23286,2024-07-17,-0.2276958508580408,-0.2276948593438787,-9.915141621075207e-07,9.915141621075207e-07
23286,2024-07-18,-0.2214868525518103,-0.2214857427739581,-1.109777852198457e-06,1.109777852198457e-06
23286,2024-07-19,-0.2621732590803715,-0.2621726647028524,-5.943775190919709e-07,5.943775190919709e-07
23286,2024-07-22,-0.269065379935094,-0.2690648509088929,-5.290262010682056e-07,5.290262010682056e-07
23286,2024-07-23,-0.2906015338623084,-0.2906011381337482,-3.957285601985383e-07,3.957285601985383e-07
23286,2024-07-24,-0.3219996373423732,-0.3219992949411809,-3.4240119228812205e-07,3.4240119228812205e-07
23286,2024-07-25,-0.3367395647431141,-0.3367392481226897,-3.166204244342552e-07,3.166204244342552e-07
23286,2024-07-26,-0.3296498691915137,-0.3296495436184141,-3.2557309959102554e-07,3.2557309959102554e-07
23286,2024-07-29,-0.3479324339220467,-0.3479321322172323,-3.01704814409387e-07,3.01704814409387e-07
23286,2024-07-30,-0.3511072881039427,-0.3511069299673224,-3.581366203042613e-07,3.581366203042613e-07
23286,2024-07-31,-0.3139819903709351,-0.3139815965197414,-3.938511937140454e-07,3.938511937140454e-07
23286,2024-08-01,-0.3386881030303212,-0.3386877653877617,-3.3764255952251077e-07,3.3764255952251077e-07
23286,2024-08-02,-0.3245615312643065,-0.3245611880457365,-3.4321856995367384e-07,3.4321856995367384e-07
23286,2024-08-05,-0.3126654867828839,-0.3126651188620764,-3.679208075424434e-07,3.679208075424434e-07
23286,2024-08-06,-0.3039112199378974,-0.3039108120958506,-4.0784204680122116e-07,4.0784204680122116e-07
23286,2024-08-07,-0.2808351859397023,-0.2808345232724586,-6.626672436893521e-07,6.626672436893521e-07
23286,2024-08-08,-0.2589758399196432,-0.258974858817918,-9.811017251948329e-07,9.811017251948329e-07
23286,2024-08-09,-0.2213893695413417,-0.221387595824143,-1.7737171986997868e-06,1.7737171986997868e-06
23286,2024-08-12,-0.2375657606175686,-0.2375643423130356,-1.4183045329851929e-06,1.4183045329851929e-06
23286,2024-08-13,-0.2490022902012351,-0.2490011534979468,-1.1367032883013994e-06,1.1367032883013994e-06
23286,2024-08-14,-0.2525780998894191,-0.2525769585348101,-1.1413546089911186e-06,1.1413546089911186e-06
23286,2024-08-15,-0.2491207558482168,-0.2491195118614441,-1.2439867727032095e-06,1.2439867727032095e-06
23286,2024-08-16,-0.2529373961903517,-0.2529362577764408,-1.1384139109171798e-06,1.1384139109171798e-06
23286,2024-08-19,-0.2470416315443645,-0.2470403568562161,-1.2746881484226869e-06,1.2746881484226869e-06
23286,2024-08-20,-0.2714682948363632,-0.2714674393040927,-8.555322705272594e-07,8.555322705272594e-07
23286,2024-08-21,-0.2776124977220696,-0.2776117243786726,-7.733433969869807e-07,7.733433969869807e-07
23286,2024-08-22,-0.2841265455902393,-0.2841258383041208,-7.072861185064561e-07,7.072861185064561e-07
23286,2024-08-23,-0.3285854652697161,-0.3285853505098003,-1.147599157924617e-07,1.147599157924617e-07
23286,2024-08-26,-0.2935507718396342,-0.2935505162401636,-2.555994705888409e-07,2.555994705888409e-07
23286,2024-08-27,-0.2887984717604511,-0.2887981941583121,-2.776021389983008e-07,2.776021389983008e-07
23286,2024-08-28,-0.2962013235162554,-0.2962010757066821,-2.47809573306057e-07,2.47809573306057e-07
23286,2024-08-29,-0.2799990464317342,-0.279998699654506,-3.4677722815512624e-07,3.4677722815512624e-07
23286,2024-08-30,-0.1263711198823505,-0.1263711195604533,-3.218972033369738e-10,3.218972033369738e-10
23286,2024-09-02,-0.1534052032782184,-0.1534052030479782,-2.3024021578166298e-10,2.3024021578166298e-10
23286,2024-09-03,-0.1002213994000946,-0.1002213988101754,-5.899191968250506e-10,5.899191968250506e-10
23286,2024-09-04,-0.0998803004327668,-0.0998802997918729,-6.408938935109632e-10,6.408938935109632e-10
23286,2024-09-05,-0.0491138648080472,-0.0491138635952058,-1.2128413967582574e-09,1.2128413967582574e-09
23286,2024-09-09,-0.1059879308979105,-0.1059879302314341,-6.664764018449176e-10,6.664764018449176e-10
23286,2024-09-10,-0.146478455706785,-0.146478455265993,-4.40791986244804e-10,4.40791986244804e-10
23286,2024-09-11,-0.1296377507223138,-0.1296377500147545,-7.075592889371762e-10,7.075592889371762e-10
23286,2024-09-12,-0.1273054198243735,-0.1273054189988137,-8.255597871986708e-10,8.255597871986708e-10
23286,2024-09-13,-0.108431156129494,-0.1084311548026244,-1.32686960030437e-09,1.32686960030437e-09
23286,2024-09-16,-0.1196541995112601,-0.1196541993960889,-1.1517120590553986e-10,1.1517120590553986e-10
23286,2024-09-17,-0.1165447196853799,,,
23286,2024-09-19,-0.0558988514843917,-0.0558988514464038,-3.798789754982934e-11,3.798789754982934e-11
23286,2024-09-20,-0.0137837025886045,-0.0137837025706486,-1.7955900655231005e-11,1.7955900655231005e-11
23286,2024-09-23,-0.0223547997008054,-0.0223547996803177,-2.048770181284354e-11,2.048770181284354e-11
23286,2024-09-24,0.0024862787399244,0.0024862787513789,-1.1454499675156438e-11,1.1454499675156438e-11
23286,2024-09-25,0.0030123921512609,0.0030123921679247,-1.666380011408619e-11,1.666380011408619e-11
23286,2024-09-26,0.1593921337515641,0.1593921337525482,-9.841016890277388e-13,9.841016890277388e-13
23286,2024-09-27,0.315074472116615,0.315074472116662,-4.701794509287538e-14,4.701794509287538e-14
23286,2024-09-30,0.335579880584236,,,
23286,2024-10-02,0.4885676236939189,0.4885676236939183,5.551115123125783e-16,5.551115123125783e-16
23286,2024-10-03,0.3677743214561338,0.3677743214561337,1.1102230246251565e-16,1.1102230246251565e-16
23286,2024-10-04,0.4033030168391086,0.4033030168391083,2.7755575615628914e-16,2.7755575615628914e-16
23286,2024-10-07,0.3916076235675527,0.3916076235675555,-2.831068712794149e-15,2.831068712794149e-15
23286,2024-10-08,0.1962083979999028,0.1962083980001322,-2.2939983246317297e-13,2.2939983246317297e-13
23286,2024-10-09,0.1427962816567641,0.1427962816573672,-6.031009025520007e-13,6.031009025520007e-13
23286,2024-10-10,0.1876306600387507,,,
23286,2024-10-14,0.2493063190886386,0.2493063190887267,-8.809619700400617e-14,8.809619700400617e-14
23286,2024-10-15,0.232271667601261,0.2322716676013743,-1.1329825966299722e-13,1.1329825966299722e-13
23286,2024-10-16,0.2846048933791066,0.2846048933791441,-3.7470027081099033e-14,3.7470027081099033e-14
23286,2024-10-17,0.2010646794984499,0.2010646794986858,-2.3592239273284576e-13,2.3592239273284576e-13
23286,2024-10-18,0.2329231085871787,0.2329231085873039,-1.251776460264864e-13,1.251776460264864e-13
23286,2024-10-21,0.2530826846914005,0.253082684691482,-8.149037000748649e-14,8.149037000748649e-14
23286,2024-10-22,0.2638449092990123,0.263844909299075,-6.272760089132134e-14,6.272760089132134e-14
23286,2024-10-23,0.2823352324520576,0.2823352324520981,-4.0467629247586956e-14,4.0467629247586956e-14
23286,2024-10-24,0.2656092001009316,0.265609200100988,-5.639932965095795e-14,5.639932965095795e-14
23286,2024-10-25,0.2936233649718978,0.2936233649719257,-2.7922109069322687e-14,2.7922109069322687e-14
23286,2024-10-28,0.3659153062368812,0.3659153062368872,-5.995204332975845e-15,5.995204332975845e-15
23286,2024-10-29,0.3492836499249393,0.3492836499249517,-1.2378986724570495e-14,1.2378986724570495e-14
23286,2024-10-30,0.3483060623391591,0.3483060623391714,-1.226796442210798e-14,1.226796442210798e-14
23286,2024-10-31,0.3633137038591831,0.363313703859189,-5.88418203051333e-15,5.88418203051333e-15
23286,2024-11-01,0.40068865195986,0.4006886519598627,-2.7200464103316335e-15,2.7200464103316335e-15
23286,2024-11-04,0.4005433182664333,0.4005433182664361,-2.7755575615628914e-15,2.7755575615628914e-15
23286,2024-11-05,0.4053101076299277,0.4053101076299338,-6.106226635438361e-15,6.106226635438361e-15
23286,2024-11-06,0.3728365669817247,0.3728365669817368,-1.2101430968414206e-14,1.2101430968414206e-14
23286,2024-11-07,0.4225199513316877,0.4225199513316904,-2.7200464103316335e-15,2.7200464103316335e-15
23286,2024-11-08,0.3634071492554878,0.3634071492554908,-2.9976021664879227e-15,2.9976021664879227e-15
23286,2024-11-11,0.3345956542375108,0.3345956542375202,-9.381384558082573e-15,9.381384558082573e-15
23286,2024-11-12,0.2878224084048231,0.2878224084048509,-2.781108676686017e-14,2.781108676686017e-14
23286,2024-11-13,0.267810235419569,0.2678102354196001,-3.108624468950438e-14,3.108624468950438e-14
23286,2024-11-14,0.2496322576085566,0.2496322576086068,-5.0209836288672705e-14,5.0209836288672705e-14
23286,2024-11-15,0.2447915795610948,0.2447915795611578,-6.300515664747763e-14,6.300515664747763e-14
23286,2024-11-18,0.2437085705999077,0.2437085705999674,-5.970224314921779e-14,5.970224314921779e-14
23286,2024-11-19,0.274013781026701,0.2740137810267323,-3.1308289294429414e-14,3.1308289294429414e-14
23286,2024-11-20,0.2640641682621714,0.2640641682621967,-2.531308496145357e-14,2.531308496145357e-14
23286,2024-11-21,0.2410530652293367,0.2410530652293872,-5.0487392044828994e-14,5.0487392044828994e-14
23286,2024-11-22,0.202597959096273,0.2025979590963773,-1.0427769758791783e-13,1.0427769758791783e-13
23286,2024-11-25,0.1787584605992598,0.1787584605994056,-1.4580003870889868e-13,1.4580003870889868e-13
23286,2024-11-26,0.1893775498860983,0.1893775498862156,-1.172950625516478e-13,1.172950625516478e-13
23286,2024-11-27,0.2099178834111073,0.2099178834111768,-6.94999613415348e-14,6.94999613415348e-14
23286,2024-11-28,0.2047778487022199,0.2047778487022958,-7.588374373312945e-14,7.588374373312945e-14
23286,2024-11-29,0.2473665885655183,0.2473665885655592,-4.091171845743702e-14,4.091171845743702e-14
23286,2024-12-02,0.2782240682474215,0.2782240682474435,-2.19824158875781e-14,2.19824158875781e-14
23286,2024-12-03,0.2656766450514877,0.2656766450515193,-3.1585845050585704e-14,3.1585845050585704e-14
23286,2024-12-04,0.2559082656353764,0.2559082656354109,-3.452793606584237e-14,3.452793606584237e-14
23286,2024-12-05,0.234148796880588,0.2341487968806387,-5.0681681074138396e-14,5.0681681074138396e-14
23286,2024-12-06,0.2723291189791341,0.2723291189791656,-3.1530333899354446e-14,3.1530333899354446e-14
23286,2024-12-09,0.3439399410814828,0.3439399410814827,1.1102230246251565e-16,1.1102230246251565e-16
23286,2024-12-10,0.2853142574649596,0.2853142574649815,-2.1926904736346842e-14,2.1926904736346842e-14
23286,2024-12-11,0.285550480263133,0.2855504802631549,-2.1871393585115584e-14,2.1871393585115584e-14
23286,2024-12-12,0.3271800456322613,0.3271800456322704,-9.103828801926284e-15,9.103828801926284e-15
23286,2024-12-13,0.2710135059360423,0.2710135059360702,-2.7922109069322687e-14,2.7922109069322687e-14
23286,2024-12-16,0.2356446448635513,0.2356446448636013,-4.9987791683747673e-14,4.9987791683747673e-14
23286,2024-12-17,0.2109874932787857,0.2109874932788802,-9.450773497121645e-14,9.450773497121645e-14
23286,2024-12-18,0.2302954915691941,0.230295491569254,-5.98965321785272e-14,5.98965321785272e-14
23286,2024-12-19,0.2046810535286093,0.2046810535287045,-9.520162436160717e-14,9.520162436160717e-14
23286,2024-12-20,0.1978467874143186,0.1978467874144235,-1.0488832025146166e-13,1.0488832025146166e-13
23286,2024-12-23,0.2025332308062958,0.2025332308063821,-8.631984016460592e-14,8.631984016460592e-14
23286,2024-12-24,0.2228938685861502,,,
23286,2024-12-27,0.2217161705288848,0.2217161705289424,-5.762057497804562e-14,5.762057497804562e-14
23286,2024-12-30,0.2015971418717734,0.20159714187186,-8.659739592076221e-14,8.659739592076221e-14
23286,2024-12-31,0.2269267070326674,,,
23286,2025-01-02,0.2569601956293249,0.2569601956293664,-4.1522341120980855e-14,4.1522341120980855e-14
23286,2025-01-03,0.2558596367057286,0.2558596367057606,-3.2029934260435766e-14,3.2029934260435766e-14
23286,2025-01-06,0.2001181277838741,0.2001181277839803,-1.0619283230539622e-13,1.0619283230539622e-13
23286,2025-01-07,0.186631517863167,0.186631517863299,-1.3200551762793111e-13,1.3200551762793111e-13
23286,2025-01-08,0.1288288411898725,0.1288288411902727,-4.002076448017533e-13,4.002076448017533e-13
23286,2025-01-09,0.1559113877619671,0.1559113877622181,-2.5099367029213226e-13,2.5099367029213226e-13
23286,2025-01-10,0.1244490264586002,0.1244490264590451,-4.4489412154291585e-13,4.4489412154291585e-13
23286,2025-01-13,0.1491399679154846,0.1491399679157454,-2.608191440600649e-13,2.608191440600649e-13
23286,2025-01-14,0.1658972669677451,0.1658972669679291,-1.840194663316197e-13,1.840194663316197e-13
23286,2025-01-15,0.1664018730552241,0.1664018730554145,-1.9040324872321435e-13,1.9040324872321435e-13
23286,2025-01-16,0.1749242313493531,0.1749242313495213,-1.6819878823071122e-13,1.6819878823071122e-13
23286,2025-01-17,0.2018434909341875,0.201843490934281,-9.350853424905381e-14,9.350853424905381e-14
23286,2025-01-20,0.1714120402935058,0.1714120402936934,-1.8759993558603583e-13,1.8759993558603583e-13
23286,2025-01-21,0.2237299823438241,0.2237299823438884,-6.430966870141219e-14,6.430966870141219e-14
23286,2025-01-22,0.1865033480489704,0.1865033480491223,-1.5190626534433704e-13,1.5190626534433704e-13
23286,2025-01-23,0.166439448621282,0.1664394486215116,-2.29621877068098e-13,2.29621877068098e-13
23286,2025-01-24,0.1722036806377094,0.1722036806379135,-2.040867475017194e-13,2.040867475017194e-13
23286,2025-01-27,0.169351212291533,0.1693512122917415,-2.084998840246044e-13,2.084998840246044e-13
23286,2025-01-28,0.1583891734420688,,,
23286,2025-02-03,0.1536857433036805,0.1536857433039918,-3.1127878052927827e-13,3.1127878052927827e-13
23286,2025-02-04,0.1337844178294574,0.1337844178299473,-4.898859096158503e-13,4.898859096158503e-13
23286,2025-02-05,0.1438152840320151,0.1438152840325144,-4.992950497495485e-13,4.992950497495485e-13
23286,2025-02-06,0.1551668891591144,0.1551668891595116,-3.972100426352654e-13,3.972100426352654e-13
23286,2025-02-07,0.1997458142031949,0.1997458142033518,-1.5690226895515025e-13,1.5690226895515025e-13
23286,2025-02-10,0.244946576085384,0.2449465760854458,-6.178391132038996e-14,6.178391132038996e-14
23286,2025-02-11,0.215881450142914,0.2158814501430284,-1.1440848268762238e-13,1.1440848268762238e-13
23286,2025-02-12,0.2692087058603964,0.2692087058604351,-3.8691272408186705e-14,3.8691272408186705e-14
23286,2025-02-13,0.2735395111299991,0.2735395111300314,-3.2307490016592055e-14,3.2307490016592055e-14
23286,2025-02-14,0.2884912208431796,0.2884912208432056,-2.603472992745992e-14,2.603472992745992e-14
23286,2025-02-17,0.2924431008038796,0.2924431008039023,-2.270406085358445e-14,2.270406085358445e-14
23286,2025-02-18,0.2748462479746019,0.2748462479746343,-3.241851231905457e-14,3.241851231905457e-14
23286,2025-02-19,0.2746012318772079,0.2746012318772339,-2.5979218776228663e-14,2.5979218776228663e-14
23286,2025-02-20,0.2553999219752627,0.2553999219752987,-3.602673714908633e-14,3.602673714908633e-14
23286,2025-02-21,0.3304406001476,0.3304406001476065,-6.494804694057166e-15,6.494804694057166e-15
23286,2025-02-24,0.3887752987069372,0.3887752987069367,4.996003610813204e-16,4.996003610813204e-16
23286,2025-02-25,0.3996564929131704,0.3996564929131701,2.7755575615628914e-16,2.7755575615628914e-16
23286,2025-02-26,0.5255809430547909,0.5255809430547903,5.551115123125783e-16,5.551115123125783e-16
23286,2025-02-27,0.5823262923866712,0.582326292386671,2.220446049250313e-16,2.220446049250313e-16
23286,2025-02-28,0.4975364899189353,0.4975364899189318,3.497202527569243e-15,3.497202527569243e-15
23286,2025-03-03,0.5307945722720088,0.530794572272005,3.774758283725532e-15,3.774758283725532e-15
23286,2025-03-04,0.5455940227315544,0.5455940227315604,-5.995204332975845e-15,5.995204332975845e-15
23286,2025-03-05,0.5885317271244931,0.588531727124493,1.1102230246251565e-16,1.1102230246251565e-16
23286,2025-03-06,0.6760836404000158,0.6760836404000123,3.4416913763379853e-15,3.4416913763379853e-15
23286,2025-03-07,0.5973100372681336,0.5973100372681299,3.6637359812630166e-15,3.6637359812630166e-15
23286,2025-03-10,0.5549383669262985,0.5549383669262955,2.9976021664879227e-15,2.9976021664879227e-15
23286,2025-03-11,0.5378621233438482,0.5378621233438446,3.552713678800501e-15,3.552713678800501e-15
23286,2025-03-12,0.5956031935684141,0.5956031935684138,2.220446049250313e-16,2.220446049250313e-16
23286,2025-03-13,0.5197692098041335,0.5197692098041334,1.1102230246251565e-16,1.1102230246251565e-16
23286,2025-03-14,0.6333053345574868,0.6333053345574893,-2.4424906541753444e-15,2.4424906541753444e-15
23286,2025-03-17,0.6898804101043833,0.6898804101043833,0.0,0.0
23286,2025-03-18,0.6733166906938723,0.6733166906938746,-2.220446049250313e-15,2.220446049250313e-15
23286,2025-03-19,0.6537743530515382,0.6537743530515411,-2.886579864025407e-15,2.886579864025407e-15
23286,2025-03-20,0.6055202543384208,0.6055202543384237,-2.886579864025407e-15,2.886579864025407e-15
23286,2025-03-21,0.5595440306646339,0.5595440306646304,3.4416913763379853e-15,3.4416913763379853e-15
23286,2025-03-24,0.5603420182798321,0.560342018279832,1.1102230246251565e-16,1.1102230246251565e-16
23286,2025-03-25,0.5638326753911237,0.5638326753911176,6.106226635438361e-15,6.106226635438361e-15
23286,2025-03-26,0.5613194720199361,0.5613194720199328,3.3306690738754696e-15,3.3306690738754696e-15
23286,2025-03-27,0.4201651010680915,0.4201651010680913,2.220446049250313e-16,2.220446049250313e-16
23286,2025-03-28,0.4387826072454872,0.4387826072454898,-2.609024107869118e-15,2.609024107869118e-15
23286,2025-03-31,0.7821120622748474,0.7821120622748463,1.1102230246251565e-15,1.1102230246251565e-15
23286,2025-04-01,0.8188001954230405,0.8188001954230393,1.2212453270876722e-15,1.2212453270876722e-15
23286,2025-04-02,0.775240643337895,0.775240643337898,-2.9976021664879227e-15,2.9976021664879227e-15
23286,2025-04-03,0.8021101088597423,,,
23286,2025-04-07,0.5966901333073541,0.596690133307354,1.1102230246251565e-16,1.1102230246251565e-16
23286,2025-04-08,0.6113610850344233,0.611361085034419,4.3298697960381105e-15,4.3298697960381105e-15
23286,2025-04-09,0.6558036938506026,0.6558036938506017,8.881784197001252e-16,8.881784197001252e-16
23286,2025-04-10,0.6973267446414192,0.6973267446414184,7.771561172376096e-16,7.771561172376096e-16
23286,2025-04-11,0.7266750514619309,0.7266750514619301,7.771561172376096e-16,7.771561172376096e-16
23286,2025-04-14,0.7066690456036456,0.7066690456036445,1.1102230246251565e-15,1.1102230246251565e-15
23286,2025-04-15,0.6561024326024429,0.6561024326024464,-3.4416913763379853e-15,3.4416913763379853e-15
23286,2025-04-16,0.6795891437701521,0.6795891437701517,4.440892098500626e-16,4.440892098500626e-16
23286,2025-04-17,0.7412506018792021,,,
23286,2025-04-22,0.7498637852326387,0.7498637852326424,-3.6637359812630166e-15,3.6637359812630166e-15
23286,2025-04-23,0.7046067214083688,0.7046067214083724,-3.6637359812630166e-15,3.6637359812630166e-15
23286,2025-04-24,0.7121374435061215,0.7121374435061213,2.220446049250313e-16,2.220446049250313e-16
23286,2025-04-25,0.6919679689727743,0.6919679689727696,4.773959005888173e-15,4.773959005888173e-15
23286,2025-04-28,0.6544656130533578,0.6544656130533572,6.661338147750939e-16,6.661338147750939e-16
23286,2025-04-29,0.6539955340988105,0.6539955340988101,4.440892098500626e-16,4.440892098500626e-16
23286,2025-04-30,0.6198506976950497,,,
23286,2025-05-02,0.6582460667273612,,,
23286,2025-05-06,0.6136422178404513,0.6136422178404585,-7.216449660063518e-15,7.216449660063518e-15
23286,2025-05-07,0.6582258314883261,0.6582258314883253,8.881784197001252e-16,8.881784197001252e-16
23286,2025-05-08,0.7130437137771861,0.7130437137771849,1.2212453270876722e-15,1.2212453270876722e-15
23286,2025-05-09,0.6860813320289046,0.6860813320289078,-3.1086244689504383e-15,3.1086244689504383e-15
23286,2025-05-12,0.7775603190411955,0.777560319041198,-2.55351295663786e-15,2.55351295663786e-15
23286,2025-05-13,0.8067574799192567,0.8067574799192604,-3.6637359812630166e-15,3.6637359812630166e-15
23286,2025-05-14,0.8177145343519828,0.8177145343519818,9.992007221626409e-16,9.992007221626409e-16
23286,2025-05-15,0.8146023831755821,0.8146023831755851,-2.9976021664879227e-15,2.9976021664879227e-15
23286,2025-05-16,0.8013490133632039,0.8013490133632037,1.1102230246251565e-16,1.1102230246251565e-16
23286,2025-05-19,0.8009862147968528,0.8009862147968487,4.107825191113079e-15,4.107825191113079e-15
23286,2025-05-20,0.7948110146626339,0.7948110146626299,3.9968028886505635e-15,3.9968028886505635e-15
23286,2025-05-21,0.7993082605253352,0.7993082605253344,7.771561172376096e-16,7.771561172376096e-16
23286,2025-05-22,0.7945517079728226,0.794551707972822,5.551115123125783e-16,5.551115123125783e-16
23286,2025-05-23,0.7972071675016885,0.7972071675016916,-3.1086244689504383e-15,3.1086244689504383e-15
23286,2025-05-26,0.7817931642309772,0.7817931642309766,6.661338147750939e-16,6.661338147750939e-16
23286,2025-05-27,0.7757889534912478,0.7757889534912475,2.220446049250313e-16,2.220446049250313e-16
23286,2025-05-28,0.7804272289897806,0.7804272289897874,-6.8833827526759706e-15,6.8833827526759706e-15
23286,2025-05-29,0.8126471295743158,0.8126471295743081,7.771561172376096e-15,7.771561172376096e-15
23286,2025-05-30,0.8187416628394635,0.8187416628394583,5.218048215738236e-15,5.218048215738236e-15
23286,2025-06-02,0.7994483664618618,0.7994483664618643,-2.55351295663786e-15,2.55351295663786e-15
23286,2025-06-03,0.79617390841652,0.7961739084165188,1.2212453270876722e-15,1.2212453270876722e-15
23286,2025-06-04,0.760131940308346,0.7601319403083453,6.661338147750939e-16,6.661338147750939e-16
23286,2025-06-05,0.7727909794985497,0.7727909794985452,4.440892098500626e-15,4.440892098500626e-15
23286,2025-06-06,0.7886659830348652,0.7886659830348602,4.9960036108132044e-15,4.9960036108132044e-15
23286,2025-06-09,0.7961921628442259,0.7961921628442259,0.0,0.0
23286,2025-06-10,0.8246809997702302,0.82468099977023,2.220446049250313e-16,2.220446049250313e-16
23286,2025-06-11,0.8559182277853115,0.8559182277853107,7.771561172376096e-16,7.771561172376096e-16
23286,2025-06-12,0.8258303805020331,0.8258303805020282,4.884981308350689e-15,4.884981308350689e-15
23286,2025-06-13,0.8792001298912451,0.8792001298912403,4.773959005888173e-15,4.773959005888173e-15
23286,2025-06-16,0.9049004138666216,0.9049004138666203,1.2212453270876722e-15,1.2212453270876722e-15
23286,2025-06-17,0.8749642437327437,0.8749642437327344,9.325873406851315e-15,9.325873406851315e-15
23286,2025-06-18,0.8496205491686589,0.8496205491686579,9.992007221626409e-16,9.992007221626409e-16
23286,2025-06-19,0.8085870692117023,0.808587069211702,3.3306690738754696e-16,3.3306690738754696e-16
23286,2025-06-20,0.8196328497071805,0.8196328497071802,3.3306690738754696e-16,3.3306690738754696e-16
23286,2025-06-23,0.8482957885901725,0.8482957885901723,2.220446049250313e-16,2.220446049250313e-16
23286,2025-06-24,0.8813416089450837,0.8813416089450791,4.6629367034256575e-15,4.6629367034256575e-15
23286,2025-06-25,0.8850628773245399,0.8850628773245396,3.3306690738754696e-16,3.3306690738754696e-16
23286,2025-06-26,0.903997309879316,0.9039973098793156,4.440892098500626e-16,4.440892098500626e-16
23286,2025-06-27,0.8764415201127527,0.8764415201127521,5.551115123125783e-16,5.551115123125783e-16
23286,2025-06-30,0.8516339257885525,,,
23286,2025-07-02,0.8394576465005384,0.8394576465005305,7.993605777301127e-15,7.993605777301127e-15
23286,2025-07-03,0.8508226979227008,0.8508226979227045,-3.6637359812630166e-15,3.6637359812630166e-15
23286,2025-07-04,0.83452425096612,0.8345242509661187,1.3322676295501878e-15,1.3322676295501878e-15
23286,2025-07-07,0.8670315272688348,0.8670315272688306,4.218847493575595e-15,4.218847493575595e-15
23286,2025-07-08,0.8905993457302581,0.8905993457302539,4.218847493575595e-15,4.218847493575595e-15
23286,2025-07-09,0.875863925622625,0.8758639256226237,1.3322676295501878e-15,1.3322676295501878e-15
23286,2025-07-10,0.9608985867241628,0.9608985867241696,-6.772360450213455e-15,6.772360450213455e-15
23286,2025-07-11,0.9223426988370896,0.9223426988370926,-2.9976021664879227e-15,2.9976021664879227e-15
23286,2025-07-14,0.9207437984041048,0.9207437984040928,1.199040866595169e-14,1.199040866595169e-14
23286,2025-07-15,0.892480202474085,0.8924802024740804,4.551914400963142e-15,4.551914400963142e-15
23286,2025-07-16,0.8561343556376254,0.8561343556376292,-3.774758283725532e-15,3.774758283725532e-15
23286,2025-07-17,0.8578187881842888,0.8578187881842873,1.5543122344752192e-15,1.5543122344752192e-15
23286,2025-07-18,0.8683836746925345,0.8683836746925371,-2.55351295663786e-15,2.55351295663786e-15
23286,2025-07-21,0.9066128327891092,0.906612832789109,2.220446049250313e-16,2.220446049250313e-16
23286,2025-07-22,0.9400369554556414,0.9400369554556408,5.551115123125783e-16,5.551115123125783e-16
23286,2025-07-23,0.9664253809043558,0.9664253809043502,5.662137425588298e-15,5.662137425588298e-15
23286,2025-07-24,0.986386239270712,0.986386239270712,0.0,0.0
23286,2025-07-25,1.008208638306331,1.0082086383063211,9.769962616701378e-15,9.769962616701378e-15
23286,2025-07-28,0.9982889157777224,0.9982889157777208,1.5543122344752192e-15,1.5543122344752192e-15
23286,2025-07-29,1.004268690133078,1.0042686901330768,1.1102230246251565e-15,1.1102230246251565e-15
23286,2025-07-30,0.9695053030887952,0.9695053030887943,8.881784197001252e-16,8.881784197001252e-16
23286,2025-07-31,0.8679010972538062,0.8679010972538098,-3.6637359812630166e-15,3.6637359812630166e-15
23286,2025-08-01,0.8733509772270207,0.8733509772270205,2.220446049250313e-16,2.220446049250313e-16
23286,2025-08-04,0.9019465906671216,0.9019465906671283,-6.772360450213455e-15,6.772360450213455e-15
23286,2025-08-05,0.9072232989608656,0.9072232989608732,-7.549516567451064e-15,7.549516567451064e-15
23286,2025-08-06,0.9060356075945506,0.90603560759455,5.551115123125783e-16,5.551115123125783e-16
23286,2025-08-07,0.9169394932663024,0.9169394932663022,2.220446049250313e-16,2.220446049250313e-16
23286,2025-08-08,0.9111886742342954,0.9111886742342944,9.992007221626409e-16,9.992007221626409e-16
23286,2025-08-11,0.9203704775765756,0.9203704775765708,4.884981308350689e-15,4.884981308350689e-15
23286,2025-08-12,0.9686972752477364,0.968697275247743,-6.5503158452884236e-15,6.5503158452884236e-15
23286,2025-08-13,0.990372416185883,0.9903724161858816,1.4432899320127035e-15,1.4432899320127035e-15
23286,2025-08-14,1.007163192081311,1.00716319208131,1.1102230246251565e-15,1.1102230246251565e-15
23286,2025-08-15,1.0333611540947585,1.033361154094758,4.440892098500626e-16,4.440892098500626e-16
23286,2025-08-18,1.00937282679981,1.0093728267998097,4.440892098500626e-16,4.440892098500626e-16
23286,2025-08-19,0.9758967581286268,0.9758967581286292,-2.4424906541753444e-15,2.4424906541753444e-15
23286,2025-08-20,0.9475923084637156,0.9475923084637148,7.771561172376096e-16,7.771561172376096e-16
23286,2025-08-21,0.957459561437704,0.957459561437703,9.992007221626409e-16,9.992007221626409e-16
23286,2025-08-22,0.6618122908031911,0.6618122908031905,6.661338147750939e-16,6.661338147750939e-16
23286,2025-08-25,0.6633623295132091,0.6633623295132084,6.661338147750939e-16,6.661338147750939e-16
23286,2025-08-26,0.5903079298799332,0.5903079298799359,-2.6645352591003757e-15,2.6645352591003757e-15
23286,2025-08-27,0.5361366674625573,0.5361366674625573,0.0,0.0
23286,2025-08-28,0.4926184029531731,0.4926184029531791,-5.995204332975845e-15,5.995204332975845e-15
23286,2025-08-29,0.5757247107775502,0.5757247107775532,-2.9976021664879227e-15,2.9976021664879227e-15
23286,2025-09-01,0.5686397531970281,0.5686397531970274,6.661338147750939e-16,6.661338147750939e-16
23286,2025-09-02,0.5425573640633669,0.5425573640633695,-2.6645352591003757e-15,2.6645352591003757e-15
23286,2025-09-03,0.5073785739175627,0.5073785739175656,-2.886579864025407e-15,2.886579864025407e-15
23286,2025-09-04,0.4942836952393155,0.4942836952393185,-2.9976021664879227e-15,2.9976021664879227e-15
23286,2025-09-05,0.5147762645524793,0.5147762645524788,4.440892098500626e-16,4.440892098500626e-16
23286,2025-09-08,0.5211680510073988,0.5211680510074015,-2.6645352591003757e-15,2.6645352591003757e-15
23286,2025-09-09,0.5489041117984209,0.548904111798417,3.885780586188048e-15,3.885780586188048e-15
23286,2025-09-10,0.5720763875092247,0.5720763875092245,2.220446049250313e-16,2.220446049250313e-16
23286,2025-09-11,0.5688811383396317,0.5688811383396315,2.220446049250313e-16,2.220446049250313e-16
23286,2025-09-12,0.5869760717073254,0.5869760717073249,4.440892098500626e-16,4.440892098500626e-16
23286,2025-09-15,0.5808774078688829,0.5808774078688754,7.438494264988549e-15,7.438494264988549e-15
23286,2025-09-16,0.5813588606135919,0.5813588606135945,-2.6645352591003757e-15,2.6645352591003757e-15
23286,2025-09-17,0.6090950033001666,0.6090950033001659,7.771561172376096e-16,7.771561172376096e-16
23286,2025-09-18,0.580157744163679,0.5801577441636817,-2.6645352591003757e-15,2.6645352591003757e-15
23286,2025-09-19,0.5730279126742531,0.5730279126742528,3.3306690738754696e-16,3.3306690738754696e-16
23286,2025-09-22,0.5654587218367328,0.5654587218367321,7.771561172376096e-16,7.771561172376096e-16
23286,2025-09-23,0.5280823067285505,0.5280823067285499,5.551115123125783e-16,5.551115123125783e-16
23286,2025-09-24,0.5359338484963964,0.535933848496392,4.3298697960381105e-15,4.3298697960381105e-15
23286,2025-09-25,0.5172178477224533,0.5172178477224599,-6.661338147750939e-15,6.661338147750939e-15
23286,2025-09-26,0.5102727994417424,0.5102727994417452,-2.7755575615628914e-15,2.7755575615628914e-15
23286,2025-09-29,0.507222079007088,0.5072220790070876,4.440892098500626e-16,4.440892098500626e-16
23286,2025-09-30,0.5490775565693434,,,
23286,2025-10-02,0.5411494309335496,0.5411494309335454,4.218847493575595e-15,4.218847493575595e-15
23286,2025-10-03,0.5015699359136913,0.501569935913691,2.220446049250313e-16,2.220446049250313e-16
23286,2025-10-06,0.5105764239039249,,,
23286,2025-10-08,0.4854343742275399,0.4854343742275428,-2.942091015256665e-15,2.942091015256665e-15
23286,2025-10-09,0.5154695802265362,0.5154695802265356,6.661338147750939e-16,6.661338147750939e-16
23286,2025-10-10,0.5297464004015565,0.5297464004015562,3.3306690738754696e-16,3.3306690738754696e-16
23286,2025-10-13,0.5128736389551763,0.5128736389551792,-2.886579864025407e-15,2.886579864025407e-15
23286,2025-10-14,0.4978775531571962,0.4978775531571918,4.385380947269368e-15,4.385380947269368e-15
23286,2025-10-15,0.5176370651067059,0.5176370651067052,7.771561172376096e-16,7.771561172376096e-16
23286,2025-10-16,0.5026182499323165,0.5026182499323163,2.220446049250313e-16,2.220446049250313e-16
23286,2025-10-17,0.46842051267718,0.4684205126771793,6.661338147750939e-16,6.661338147750939e-16
23286,2025-10-20,0.5115777075559726,0.5115777075559726,0.0,0.0
23286,2025-10-21,0.5181243032021526,0.5181243032021485,4.107825191113079e-15,4.107825191113079e-15
23286,2025-10-22,0.5484216804052667,0.5484216804052628,3.885780586188048e-15,3.885780586188048e-15
23286,2025-10-23,0.5126538217837389,0.5126538217837388,1.1102230246251565e-16,1.1102230246251565e-16
23286,2025-10-24,0.5197729670078337,0.5197729670078337,0.0,0.0
23286,2025-10-27,0.5111307820419676,0.5111307820419674,2.220446049250313e-16,2.220446049250313e-16
23286,2025-10-28,0.5004539877282561,,,
23286,2025-10-30,0.4365663110296901,0.4365663110296895,6.106226635438361e-16,6.106226635438361e-16
23286,2025-10-31,0.4349360122198503,0.4349360122198538,-3.497202527569243e-15,3.497202527569243e-15
23286,2025-11-03,0.4388546697574061,0.438854669757406,1.1102230246251565e-16,1.1102230246251565e-16
23286,2025-11-04,0.4529633054557568,0.4529633054557602,-3.3861802251067274e-15,3.3861802251067274e-15
23286,2025-11-05,0.4488270547211291,0.4488270547211287,3.885780586188048e-16,3.885780586188048e-16
23286,2025-11-06,0.4450572963417328,0.4450572963417323,4.996003610813204e-16,4.996003610813204e-16
23286,2025-11-07,0.4448515638675153,0.4448515638675153,0.0,0.0
23286,2025-11-10,0.5367870041531648,0.5367870041531603,4.551914400963142e-15,4.551914400963142e-15
23286,2025-11-11,0.5320674296978994,0.5320674296978993,1.1102230246251565e-16,1.1102230246251565e-16
23286,2025-11-12,0.5330653152871523,0.5330653152871562,-3.885780586188048e-15,3.885780586188048e-15
23286,2025-11-13,0.5795840057454185,0.5795840057454178,6.661338147750939e-16,6.661338147750939e-16
23286,2025-11-14,0.5701749255982662,0.5701749255982699,-3.6637359812630166e-15,3.6637359812630166e-15
23286,2025-11-17,0.5758231964284354,0.5758231964284347,6.661338147750939e-16,6.661338147750939e-16
23286,2025-11-18,0.5393894803784548,0.5393894803784505,4.3298697960381105e-15,4.3298697960381105e-15
23286,2025-11-19,0.5518151761139773,0.5518151761139768,5.551115123125783e-16,5.551115123125783e-16
23286,2025-11-20,0.5827284549334593,0.5827284549334593,0.0,0.0
23286,2025-11-21,0.5901916476946187,0.590191647694618,7.771561172376096e-16,7.771561172376096e-16
23286,2025-11-24,0.5714062201258139,0.5714062201258137,2.220446049250313e-16,2.220446049250313e-16
23286,2025-11-25,0.5631520135377522,0.5631520135377519,3.3306690738754696e-16,3.3306690738754696e-16
23286,2025-11-26,0.5365794378302381,0.5365794378302381,0.0,0.0
23286,2025-11-27,0.5552227872867384,0.555222787286742,-3.6637359812630166e-15,3.6637359812630166e-15
23286,2025-11-28,0.543068442161459,0.5430684421614583,6.661338147750939e-16,6.661338147750939e-16
23286,2025-12-01,0.5740022859261745,0.5740022859261739,6.661338147750939e-16,6.661338147750939e-16
23286,2025-12-02,0.5831982269250414,0.5831982269250406,7.771561172376096e-16,7.771561172376096e-16
23286,2025-12-03,0.5846353676072092,0.584635367607209,2.220446049250313e-16,2.220446049250313e-16
23286,2025-12-04,0.5637393831329915,0.5637393831329873,4.218847493575595e-15,4.218847493575595e-15
23286,2025-12-05,0.5838256142814816,0.5838256142814814,2.220446049250313e-16,2.220446049250313e-16
23286,2025-12-08,0.5531982098209536,0.5531982098209448,8.770761894538737e-15,8.770761894538737e-15
23286,2025-12-09,0.4925610803889547,0.4925610803889541,6.106226635438361e-16,6.106226635438361e-16
23286,2025-12-10,0.5188131514605311,0.5188131514605309,2.220446049250313e-16,2.220446049250313e-16
23286,2025-12-11,0.5124345894583886,0.5124345894583923,-3.6637359812630166e-15,3.6637359812630166e-15
23286,2025-12-12,0.5348891170651756,0.534889117065175,6.661338147750939e-16,6.661338147750939e-16
23286,2025-12-15,0.5338382718565396,0.5338382718565389,7.771561172376096e-16,7.771561172376096e-16
23286,2025-12-16,0.5250886869287611,0.5250886869287565,4.551914400963142e-15,4.551914400963142e-15
23286,2025-12-17,0.498614798459056,0.4986147984590598,-3.83026943495679e-15,3.83026943495679e-15
23286,2025-12-18,0.507345709332557,0.5073457093325564,5.551115123125783e-16,5.551115123125783e-16
23286,2025-12-19,0.4995413950347669,0.4995413950347585,8.43769498715119e-15,8.43769498715119e-15
23286,2025-12-22,0.5072288616966195,0.5072288616966194,1.1102230246251565e-16,1.1102230246251565e-16
23286,2025-12-23,0.4997457932219121,0.4997457932219117,3.885780586188048e-16,3.885780586188048e-16
23286,2025-12-24,0.4914419349551303,,,
23286,2025-12-29,0.4957606414330128,0.4957606414330167,-3.885780586188048e-15,3.885780586188048e-15
23286,2025-12-30,0.4964693145254966,0.4964693145255003,-3.7192471324942744e-15,3.7192471324942744e-15
23286,2025-12-31,0.5593219181031934,,,
23286,2026-01-02,0.5375897994940969,0.5375897723318561,2.7162240789913028e-08,2.7162240789913028e-08
23286,2026-01-05,0.6094289005625211,0.6094288724137854,2.814873567569265e-08,2.814873567569265e-08
23286,2026-01-06,0.6048460733733884,0.604846045048598,2.8324790402045608e-08,2.8324790402045608e-08
23286,2026-01-07,0.6092004403761555,0.6092004120339582,2.8342197255781798e-08,2.8342197255781798e-08
23286,2026-01-08,0.618893718849573,0.6188936905221569,2.8327416079498846e-08,2.8327416079498846e-08
23286,2026-01-09,0.6036611697970116,0.6036611416148052,2.818220634637214e-08,2.818220634637214e-08
23286,2026-01-12,0.5745115695435657,0.574511541699111,2.7844454741909885e-08,2.7844454741909885e-08
23286,2026-01-13,0.5753001847609814,0.5753001570202838,2.7740697627898214e-08,2.7740697627898214e-08
23286,2026-01-14,0.5936185869789008,0.5936185591973995,2.7781501321655355e-08,2.7781501321655355e-08
23286,2026-01-15,0.6135989657134833,0.6135989374722122,2.824127109946062e-08,2.824127109946062e-08
23286,2026-01-16,0.5930434800770762,0.5930434521700192,2.7907056998621727e-08,2.7907056998621727e-08
23286,2026-01-19,0.6098208233142879,0.6098207952691543,2.8045133548815215e-08,2.8045133548815215e-08
23286,2026-01-20,0.6710605332178274,0.6710605043053774,2.8912449989704214e-08,2.8912449989704214e-08
23286,2026-01-21,0.6905165738036388,0.6905165448618031,2.89418357057869e-08,2.89418357057869e-08
23286,2026-01-22,0.7256158545975414,0.7310814301255526,-0.005465575528011191,0.005465575528011191
23286,2026-01-23,0.7418823893643687,0.7418823219401266,6.742424207839548e-08,6.742424207839548e-08
23286,2026-01-26,0.7405512314156774,0.7405512016191582,2.9796519140923294e-08,2.9796519140923294e-08
23286,2026-01-27,0.7628897024499393,0.7628896723948433,3.0055095967540524e-08,3.0055095967540524e-08
23286,2026-01-28,0.8738355716357157,0.8738355401613921,3.1474323591851316e-08,3.1474323591851316e-08
23286,2026-01-29,0.9545015446773348,0.9545015120089289,3.2668405980373905e-08,3.2668405980373905e-08
23286,2026-01-30,0.9328116653260884,0.9328116330994004,3.2226687984859836e-08,3.2226687984859836e-08
23286,2026-02-02,0.8435660018027421,0.84356597089008,3.091266209676036e-08,3.091266209676036e-08
23286,2026-02-03,0.9047079714928482,0.904707939784937,3.1707911185563376e-08,3.1707911185563376e-08
23286,2026-02-04,0.9699067295515248,0.9699066969559936,3.2595531163082114e-08,3.2595531163082114e-08
23286,2026-02-05,0.9205170966406356,0.9205170645844296,3.2056206022978984e-08,3.2056206022978984e-08
23286,2026-02-06,0.937221476972002,0.9372214446609552,3.2311046727073744e-08,3.2311046727073744e-08
23286,2026-02-09,0.9271544189609736,0.9271543867968344,3.216413924089778e-08,3.216413924089778e-08
23286,2026-02-10,0.9239974808688268,0.9239974488022392,3.206658760745995e-08,3.206658760745995e-08
23286,2026-02-11,0.96386555905719,0.963865526469976,3.2587213927293135e-08,3.2587213927293135e-08
23286,2026-02-12,0.9805099559108305,0.9805099230640204,3.284681004966927e-08,3.284681004966927e-08
23286,2026-02-13,0.946504817296106,0.9465047850461732,3.2249932835348716e-08,3.2249932835348716e-08
23286,2026-02-16,0.9160481571111536,,,
23286,2026-02-20,0.9215617679007878,0.9215617359140846,3.1986703175057585e-08,3.1986703175057585e-08
23286,2026-02-23,0.9071778601833366,0.9071778283284172,3.185491936896767e-08,3.185491936896767e-08
23286,2026-02-24,0.9045365530106776,0.9045365213530894,3.1657588217548494e-08,3.1657588217548494e-08
23286,2026-02-25,0.921659360300438,0.9216593282857845,3.2014653594814035e-08,3.2014653594814035e-08
23286,2026-02-26,0.854859301048094,0.8548592697949385,3.125315550800423e-08,3.125315550800423e-08
23286,2026-02-27,0.8371872839095988,0.8371872529824597,3.0927139182956864e-08,3.0927139182956864e-08
23286,2026-03-02,0.7895241751553163,0.7895241448263272,3.0328989097938575e-08,3.0328989097938575e-08
23286,2026-03-03,0.7964087535053754,0.7964087229851551,3.0520220350993554e-08,3.0520220350993554e-08
23286,2026-03-04,0.7741416471024468,0.774141616908991,3.01934558466499e-08,3.01934558466499e-08
23286,2026-03-05,0.7844452141893511,0.7844451838260665,3.036328455330306e-08,3.036328455330306e-08
23286,2026-03-06,0.8205592802218269,0.8205592495817493,3.064007758624143e-08,3.064007758624143e-08
23286,2026-03-09,0.8115272822335146,0.8115272518471253,3.038638929364623e-08,3.038638929364623e-08
23286,2026-03-10,0.8334455756935654,0.8334455449714028,3.072216259170091e-08,3.072216259170091e-08
23286,2026-03-11,0.8699616645892384,0.8699616330811163,3.150812211138998e-08,3.150812211138998e-08
23286,2026-03-12,0.8888656738004698,0.8888656420818324,3.1718637383271187e-08,3.1718637383271187e-08
23286,2026-03-13,0.8889341092591428,0.8889340776135831,3.16455597282328e-08,3.16455597282328e-08
23286,2026-03-16,0.9429766429012952,0.942976610209288,3.269200721245369e-08,3.269200721245369e-08
23286,2026-03-17,0.9535379255940776,0.9535378928682264,3.272585114011406e-08,3.272585114011406e-08
23286,2026-03-18,0.9006855986360306,0.9006855666586141,3.19774164925235e-08,3.19774164925235e-08
23286,2026-03-19,0.8339017667362578,0.8339017355696483,3.1166609515409505e-08,3.1166609515409505e-08
23286,2026-03-20,0.8080062940568953,0.8080062632256889,3.083120636571124e-08,3.083120636571124e-08
23286,2026-03-23,0.7474905205210166,0.7474904906217682,2.989924841045877e-08,2.989924841045877e-08
23286,2026-03-24,0.762655987264794,0.7626559571099761,3.015481786494689e-08,3.015481786494689e-08
23286,2026-03-25,0.7638613083002057,0.763861278049883,3.0250322691216525e-08,3.0250322691216525e-08
23286,2026-03-26,0.7291148807219506,0.7291148508070763,2.991487435544116e-08,2.991487435544116e-08
23286,2026-03-27,0.7380298771327879,0.7380298471253156,3.000747228476541e-08,3.000747228476541e-08
23286,2026-03-30,0.7316498645838839,0.7316498347949272,2.9788956745768758e-08,2.9788956745768758e-08
23286,2026-03-31,0.8745376168663713,0.8726005325439583,0.0019370843224130185,0.0019370843224130185
23286,2026-04-01,0.8561633332409536,0.8542433905797516,0.0019199426612019899,0.0019199426612019899
23286,2026-04-02,1.0026833428983657,,,
23286,2026-04-08,1.0597308495413846,1.0575131056365403,0.002217743904844305,0.002217743904844305
23286,2026-04-09,0.982660473377544,0.9805062330262976,0.0021542403512464503,0.0021542403512464503
23286,2026-04-10,0.9819472875596136,0.979788268852121,0.002159018707492577,0.002159018707492577
23286,2026-04-13,1.024613937318334,1.0224130523707509,0.0022008849475831926,0.0022008849475831926
23286,2026-04-14,1.173216719072885,1.170856914841822,0.0023598042310630785,0.0023598042310630785
23286,2026-04-15,1.1637342460071654,1.1613693546250392,0.002364891382126144,0.002364891382126144
23286,2026-04-16,1.1445426369986271,1.142188939991092,0.0023536970075350716,0.0023536970075350716
23286,2026-04-17,1.1392384206620247,1.1368740121569274,0.0023644085050973374,0.0023644085050973374
23286,2026-04-20,1.166846086985706,1.1644602583161292,0.002385828669576817,0.002385828669576817
23286,2026-04-21,1.21880364766049,1.2163742339110244,0.002429413749465592,0.002429413749465592
23286,2026-04-22,1.1911511026482149,1.1887496576886187,0.002401444959596155,0.002401444959596155
23286,2026-04-23,1.1352498207252608,1.1329073610057638,0.002342459719496981,0.002342459719496981
23286,2026-04-24,1.10676165088232,1.1044699209921582,0.0022917298901616867,0.0022917298901616867
23286,2026-04-27,1.0956619738439148,1.093381594145759,0.0022803796981558655,0.0022803796981558655
23286,2026-04-28,1.0990952075321343,1.0968054619995915,0.0022897455325427973,0.0022897455325427973
23286,2026-04-29,1.1900308776407604,1.1876348678425075,0.0023960097982529405,0.0023960097982529405
23286,2026-04-30,1.1871344958850996,,,
23286,2026-05-04,1.199865088675868,1.197474620150271,0.0023904685255968783,0.0023904685255968783
23286,2026-05-05,1.1865866505236429,1.1842052217323964,0.002381428791246476,0.002381428791246476
23286,2026-05-06,1.2538571792385311,1.2513644244743805,0.002492754764150673,0.002492754764150673
23286,2026-05-07,1.2791816525583837,1.276660574259289,0.002521078299094759,0.002521078299094759
23286,2026-05-08,1.373854813149156,1.3712331590758282,0.002621654073327706,0.002621654073327706
23286,2026-05-11,1.399663963646588,1.3970295855683372,0.002634378078250732,0.002634378078250732
23286,2026-05-12,1.3942991414287875,1.391661782691043,0.0026373587377446217,0.0026373587377446217
23286,2026-05-13,1.3458417442242947,1.3432226546024832,0.0026190896218114545,0.0026190896218114545
23286,2026-05-14,1.3626462857493982,1.3600032240429445,0.0026430617064536754,0.0026430617064536754
23286,2026-05-15,1.29879613932879,1.296226276342484,0.002569862986305793,0.002569862986305793
23286,2026-05-18,1.2048951911184356,1.2024347486504172,0.0024604424680183534,0.0024604424680183534
23286,2026-05-19,1.1981970877555312,,,
23286,2026-05-20,1.1637727595638372,1.1763703786412871,-0.01259761907744994,0.01259761907744994
23286,2026-05-21,1.09566288220446,1.0933093763694073,0.0023535058350527827,0.0023535058350527827
23286,2026-05-22,1.079289794311313,,,
23286,2026-05-26,1.0601866039311365,1.057876754743036,0.002309849188100399,0.002309849188100399
23286,2026-05-27,1.0284776032537302,1.0262003999295377,0.002277203324192456,0.002277203324192456
23286,2026-05-28,0.9700930856682533,0.9678690181663424,0.0022240675019108425,0.0022240675019108425
23286,2026-05-29,0.9885494202187328,0.9863043532890684,0.002245066929664419,0.002245066929664419
23286,2026-06-01,1.0277693882425951,1.0254854027532991,0.002283985489295981,0.002283985489295981
23286,2026-06-02,0.984109930009486,0.9818684252580032,0.00224150475148277,0.00224150475148277
23286,2026-06-03,1.0001688693295958,0.9979128825868556,0.0022559867427401903,0.0022559867427401903
23286,2026-06-04,0.9725218208738484,0.9702961094822152,0.0022257113916331894,0.0022257113916331894
23286,2026-06-05,0.9507393968382144,0.948537609807328,0.0022017870308863596,0.0022017870308863596
23286,2026-06-08,0.915554072098294,0.9133942604008096,0.0021598116974843595,0.0021598116974843595
23286,2026-06-09,0.8733331860525598,0.8712030633963007,0.0021301226562591147,0.0021301226562591147
23286,2026-06-10,0.9047022527409208,0.9025576864272106,0.0021445663137101834,0.0021445663137101834
23286,2026-06-11,0.8843469670289535,0.882208717813992,0.0021382492149615295,0.0021382492149615295
23286,2026-06-12,0.9031862875635897,0.9010320055669644,0.0021542819966252624,0.0021542819966252624
23286,2026-06-15,0.8793680565387919,0.8772366529370859,0.00213140360170605,0.00213140360170605
23286,2026-06-16,0.8020991390914245,0.8000498962392482,0.002049242852176336,0.002049242852176336
23286,2026-06-17,0.7836709130649928,0.7816385826451546,0.002032330419838191,0.002032330419838191
23286,2026-06-18,0.6760779098737192,,,
23286,2026-06-22,0.62617508805184,0.6242846417476404,0.0018904463041995445,0.0018904463041995445
23286,2026-06-23,0.5894683754823044,0.5876044039121334,0.0018639715701709303,0.0018639715701709303
23286,2026-06-24,0.5261217582431565,0.5242961900296103,0.0018255682135462914,0.0018255682135462914
23286,2026-06-25,0.5234059722722032,0.5215940600160489,0.001811912256154291,0.001811912256154291
23286,2026-06-26,0.4920965853188279,0.4903058780607188,0.0017907072581090921,0.0017907072581090921
23286,2026-06-29,0.569861614478548,0.5680061667283998,0.0018554477501482314,0.0018554477501482314
23286,2026-06-30,0.5541400198587914,,,
23286,2026-07-02,0.5664791973768564,0.5646044061626807,0.001874791214175664,0.001874791214175664
23286,2026-07-03,0.6000819983404383,0.5981860528888537,0.0018959454515845575,0.0018959454515845575
23286,2026-07-06,0.6234677321499561,0.6215532013959814,0.0019145307539747414,0.0019145307539747414
23286,2026-07-07,0.5394036420562904,0.5375398209578935,0.0018638210983968895,0.0018638210983968895
23286,2026-07-08,0.5703298471054701,0.5684414032954198,0.0018884438100502665,0.0018884438100502665
23286,2026-07-09,0.509894604434246,0.5080621341461832,0.0018324702880627708,0.0018324702880627708
23286,2026-07-10,0.5338816816078492,0.5320386231052313,0.0018430585026179003,0.0018430585026179003
23286,2026-07-13,0.5635817185816737,0.5617126768844344,0.0018690416972393376,0.0018690416972393376
23286,2026-07-14,0.584764625429713,0.582870791619426,0.00189383381028696,0.00189383381028696
23286,2026-07-15,0.5852456454616533,0.5833352931055854,0.001910352356067846,0.001910352356067846
23286,2026-07-16,0.6343728970507381,0.6324263796206618,0.0019465174300762333,0.0019465174300762333
23286,2026-07-17,0.6147950700515153,0.6128597452205474,0.0019353248309679216,0.0019353248309679216
23286,2026-07-20,0.6334712991043163,0.6315173964162349,0.001953902688081377,0.001953902688081377
23286,2026-07-21,0.6222033706495719,0.6202616374616401,0.0019417331879317823,0.0019417331879317823
23286,2026-07-22,0.6253115095449943,0.6233726985985594,0.001938810946434888,0.001938810946434888
23286,2026-07-23,0.6528897368664567,0.6509180094475033,0.0019717274189533507,0.0019717274189533507
23286,2026-07-24,0.5669409580815195,0.5650572253535945,0.0018837327279249694,0.0018837327279249694
23286,2026-07-27,0.6163184575331824,0.6144011677031372,0.0019172898300451324,0.0019172898300451324
23286,2026-07-28,0.596470126306749,0.5945578467309508,0.0019122795757982036,0.0019122795757982036
23286,2026-07-29,0.6127674768572997,0.6108238962284868,0.0019435806288129465,0.0019435806288129465
23286,2026-07-30,0.5745158491850754,0.5725968563071857,0.0019189928778896581,0.0019189928778896581
23286,2026-07-31,0.5861160127029635,0.5842091143073519,0.0019068983956116448,0.0019068983956116448
23286,2026-08-03,0.5577811213738892,0.5558958253876335,0.0018852959862557528,0.0018852959862557528
23286,2026-08-04,0.5457147815688506,0.5438403480986256,0.0018744334702249787,0.0018744334702249787
23286,2026-08-05,0.5928596344943134,0.5909338575614094,0.0019257769329040775,0.0019257769329040775
23286,2026-08-06,0.5761473590301728,0.5742318170620215,0.0019155419681512464,0.0019155419681512464
23286,2026-08-07,0.6149560746999425,0.6130064808722859,0.0019495938276565816,0.0019495938276565816
23286,2026-08-10,0.6276550986862501,0.6256975457501964,0.001957552936053708,0.001957552936053708
23286,2026-08-11,0.6168177469157121,0.6148701957736242,0.0019475511420878888,0.0019475511420878888
23286,2026-08-12,0.735009575142943,0.7329538252611235,0.0020557498818194464,0.0020557498818194464
23286,2026-08-13,0.6506744515484288,0.6486999531617584,0.001974498386670409,0.001974498386670409
23286,2026-08-14,0.6478238527360208,0.645854190977771,0.0019696617582498632,0.0019696617582498632
23286,2026-08-17,0.6397852134438801,0.637829109140511,0.0019561043033690106,0.0019561043033690106
23286,2026-08-18,0.6832037210359726,0.6812071551289813,0.0019965659069912656,0.0019965659069912656
23286,2026-08-19,0.6693665924158159,0.6673847679795882,0.0019818244362276305,0.0019818244362276305
23286,2026-08-20,0.6962984079058816,0.6942837153578261,0.00201469254805553,0.00201469254805553
23286,2026-08-21,0.7097218180276719,0.7076943613922818,0.002027456635390057,0.002027456635390057
23286,2026-08-24,0.7013511649448707,0.6993314806562646,0.002019684288606105,0.002019684288606105
23286,2026-08-25,0.6773101345685525,0.6776459802345632,-0.00033584566601074783,0.00033584566601074783
23286,2026-08-26,0.6684079038218069,0.6687448541492584,-0.0003369503274515129,0.0003369503274515129
23286,2026-08-27,0.6223692427249824,0.6226972012658222,-0.00032795854083977893,0.00032795854083977893
23286,2026-08-28,1.012060141304795,1.0125272689356402,-0.000467127630845221,0.000467127630845221
23286,2026-08-31,0.5992233439845129,0.5996024146820955,-0.00037907069758258416,0.00037907069758258416
23286,2026-09-01,0.5587529540063167,0.5591265137301311,-0.0003735597238143651,0.0003735597238143651
23286,2026-09-02,0.4924396921290034,0.4928039153285641,-0.00036422319956069815,0.00036422319956069815
23286,2026-09-03,0.5429332380142253,0.5433044959524432,-0.000371257938217906,0.000371257938217906
23286,2026-09-04,0.59173653016202,0.5921132021789138,-0.000376672016893842,0.000376672016893842
23286,2026-09-07,0.5098487917165958,0.5102165608540263,-0.0003677691374305292,0.0003677691374305292
23286,2026-09-08,0.530504901687039,0.5308756417328586,-0.0003707400458196064,0.0003707400458196064
23286,2026-09-09,0.4925629183768359,0.4929258358835297,-0.00036291750669376066,0.00036291750669376066
23286,2026-09-10,0.4987212535340202,0.4990840542285911,-0.00036280069457089725,0.00036280069457089725
23286,2026-09-11,0.440383253694567,0.440738932532899,-0.0003556788383319853,0.0003556788383319853
23286,2026-09-14,0.416551843177666,0.4169040677532641,-0.0003522245755980813,0.0003522245755980813
23286,2026-09-15,0.3834218040062134,0.3837714373990907,-0.0003496333928773021,0.0003496333928773021
23286,2026-09-16,0.4946355372657251,,,
23286,2026-09-17,0.4004262516216424,,,
23286,2026-09-18,0.4510339973732665,,,
23286,2026-09-21,0.5047190423128155,,,
23286,2026-09-22,0.4908728277935544,,,
23286,2026-09-23,0.4481060953284141,,,
23286,2026-09-24,0.4060294794572014,,,
23286,2026-09-25,0.3803990754304067,,,
23286,2026-09-28,0.4525138897155336,,,
23286,2026-09-29,0.6222300517439343,,,
23286,2026-09-30,0.6011558097912323,,,
23286,2026-10-02,0.5122940598431307,,,
