Comp_no,Date,CUR_MKT_CAP(HKD),BS_CUR_LIAB(HKD),BS_LT_BORROW(HKD),BS_TOT_LIAB2(HKD),BS_TOT_ASSET(HKD),Risk_Free_Rate
23286,20240102,19698.95,347664.86080156296,120637.75940756436,472854.9587906387,586180.7027736885,3.98
23286,20240103,19952.15,347664.86080156296,120637.75940756436,472854.9587906387,586180.7027736885,3.97
23286,20240104,19977.47,347664.86080156296,120637.75940756436,472854.9587906387,586180.7027736885,3.97
23286,20240105,20104.07,347664.86080156296,120637.75940756436,472854.9587906387,586180.7027736885,4.0
23286,20240108,19648.31,347664.86080156296,120637.75940756436,472854.9587906387,586180.7027736885,4.02
23286,20240109,18306.35,347664.86080156296,120637.75940756436,472854.9587906387,586180.7027736885,4.02
23286,20240110,18154.43,347664.86080156296,120637.75940756436,472854.9587906387,586180.7027736885,3.98
23286,20240111,18964.67,347664.86080156296,120637.75940756436,472854.9587906387,586180.7027736885,3.98
23286,20240112,18584.87,347664.86080156296,120637.75940756436,472854.9587906387,586180.7027736885,4.02
23286,20240115,18103.79,347664.86080156296,120637.75940756436,472854.9587906387,586180.7027736885,3.93
23286,20240116,17774.63,347664.86080156296,120637.75940756436,472854.9587906387,586180.7027736885,3.89
23286,20240117,16432.67,347664.86080156296,120637.75940756436,472854.9587906387,586180.7027736885,3.85
23286,20240118,16128.83,347664.86080156296,120637.75940756436,472854.9587906387,586180.7027736885,3.87
23286,20240119,15495.83,347664.86080156296,120637.75940756436,472854.9587906387,586180.7027736885,3.87
23286,20240122,13976.63,347664.86080156296,120637.75940756436,472854.9587906387,586180.7027736885,3.85
23286,20240123,14483.030000000002,347664.86080156296,120637.75940756436,472854.9587906387,586180.7027736885,3.83
23286,20240124,15166.67,347664.86080156296,120637.75940756436,472854.9587906387,586180.7027736885,3.75
23286,20240125,16204.79,347664.86080156296,120637.75940756436,472854.9587906387,586180.7027736885,3.78
23286,20240126,15875.629999999996,347664.86080156296,120637.75940756436,472854.9587906387,586180.7027736885,3.77
23286,20240129,15546.47,347664.86080156296,120637.75940756436,472854.9587906387,586180.7027736885,3.8
23286,20240130,14938.79,347664.86080156296,120637.75940756436,472854.9587906387,586180.7027736885,3.8
23286,20240131,14837.510000000002,347664.86080156296,120637.75940756436,472854.9587906387,586180.7027736885,3.71
23286,20240201,14913.469999999998,347664.86080156296,120637.75940756436,472854.9587906387,586180.7027736885,3.75
23286,20240202,14989.43,347664.86080156296,120637.75940756436,472854.9587906387,586180.7027736885,3.75
23286,20240205,14812.19,347664.86080156296,120637.75940756436,472854.9587906387,586180.7027736885,3.74
23286,20240206,15673.07,347664.86080156296,120637.75940756436,472854.9587906387,586180.7027736885,3.75
23286,20240207,15343.910000000002,347664.86080156296,120637.75940756436,472854.9587906387,586180.7027736885,3.78
23286,20240208,15799.67,347664.86080156296,120637.75940756436,472854.9587906387,586180.7027736885,3.82
23286,20240209,14888.15,347664.86080156296,120637.75940756436,472854.9587906387,586180.7027736885,3.82
23286,20240214,14710.91,347664.86080156296,120637.75940756436,472854.9587906387,586180.7027736885,3.88
23286,20240215,14483.030000000002,347664.86080156296,120637.75940756436,472854.9587906387,586180.7027736885,3.85
23286,20240216,15951.59,347664.86080156296,120637.75940756436,472854.9587906387,586180.7027736885,3.86
23286,20240219,15318.589999999998,347664.86080156296,120637.75940756436,472854.9587906387,586180.7027736885,3.86
23286,20240220,15495.83,347664.86080156296,120637.75940756436,472854.9587906387,586180.7027736885,3.85
23286,20240221,16407.35,347664.86080156296,120637.75940756436,472854.9587906387,586180.7027736885,3.87
23286,20240222,16660.55,347664.86080156296,120637.75940756436,472854.9587906387,586180.7027736885,3.9
23286,20240223,16533.95,347664.86080156296,120637.75940756436,472854.9587906387,586180.7027736885,3.88
23286,20240226,16306.07,347664.86080156296,120637.75940756436,472854.9587906387,586180.7027736885,3.89
23286,20240227,16306.07,347664.86080156296,120637.75940756436,472854.9587906387,586180.7027736885,3.87
23286,20240228,16103.510000000002,347664.86080156296,120637.75940756436,472854.9587906387,586180.7027736885,3.88
23286,20240229,15926.270000000002,347664.86080156296,120637.75940756436,472854.9587906387,586180.7027736885,3.9
23286,20240301,16457.99,347664.86080156296,120637.75940756436,472854.9587906387,586180.7027736885,3.9
23286,20240304,15597.11,347664.86080156296,120637.75940756436,472854.9587906387,586180.7027736885,3.88
23286,20240305,14913.469999999998,347664.86080156296,120637.75940756436,472854.9587906387,586180.7027736885,3.89
23286,20240306,15445.19,347664.86080156296,120637.75940756436,472854.9587906387,586180.7027736885,3.85
23286,20240307,15293.27,347664.86080156296,120637.75940756436,472854.9587906387,586180.7027736885,3.87
23286,20240308,15318.589999999998,347664.86080156296,120637.75940756436,472854.9587906387,586180.7027736885,3.9
23286,20240311,15799.67,347664.86080156296,120637.75940756436,472854.9587906387,586180.7027736885,3.9
23286,20240312,17015.03,347664.86080156296,120637.75940756436,472854.9587906387,586180.7027736885,3.9
23286,20240313,16837.79,347664.86080156296,120637.75940756436,472854.9587906387,586180.7027736885,4.0
23286,20240314,17293.55,347664.86080156296,120637.75940756436,472854.9587906387,586180.7027736885,4.0
23286,20240315,16989.71,347664.86080156296,120637.75940756436,472854.9587906387,586180.7027736885,4.03
23286,20240318,16584.59,347664.86080156296,120637.75940756436,472854.9587906387,586180.7027736885,4.05
23286,20240319,15976.91,347664.86080156296,120637.75940756436,472854.9587906387,586180.7027736885,4.08
23286,20240320,16103.510000000002,347664.86080156296,120637.75940756436,472854.9587906387,586180.7027736885,4.14
23286,20240321,16559.27,347664.86080156296,120637.75940756436,472854.9587906387,586180.7027736885,4.1
23286,20240322,16331.39,333149.8027205986,125331.958045062,463173.8470269473,588343.4971957188,4.1
23286,20240325,16761.83,333149.8027205986,125331.958045062,463173.8470269473,588343.4971957188,4.1
23286,20240326,15495.83,333149.8027205986,125331.958045062,463173.8470269473,588343.4971957188,4.1
23286,20240327,15191.990000000002,333149.8027205986,125331.958045062,463173.8470269473,588343.4971957188,4.07
23286,20240328,15799.67,333149.8027205986,125331.958045062,463173.8470269473,588343.4971957188,4.12
23286,20240402,15597.11,333149.8027205986,125331.958045062,463173.8470269473,588343.4971957188,4.11
23286,20240403,15470.51,333149.8027205986,125331.958045062,463173.8470269473,588343.4971957188,4.13
23286,20240405,14255.15,333149.8027205986,125331.958045062,463173.8470269473,588343.4971957188,4.1
23286,20240408,14508.35,333149.8027205986,125331.958045062,463173.8470269473,588343.4971957188,4.07
23286,20240409,14660.27,333149.8027205986,125331.958045062,463173.8470269473,588343.4971957188,4.07
23286,20240410,14786.87,333149.8027205986,125331.958045062,463173.8470269473,588343.4971957188,4.08
23286,20240411,14533.67,333149.8027205986,125331.958045062,463173.8470269473,588343.4971957188,4.1
23286,20240412,13748.749999999998,333149.8027205986,125331.958045062,463173.8470269473,588343.4971957188,4.1
23286,20240415,13343.63,333149.8027205986,125331.958045062,463173.8470269473,588343.4971957188,4.09
23286,20240416,13065.11,333149.8027205986,125331.958045062,463173.8470269473,588343.4971957188,4.1
23286,20240417,13141.069999999998,333149.8027205986,125331.958045062,463173.8470269473,588343.4971957188,4.07
23286,20240418,13090.430000000002,333149.8027205986,125331.958045062,463173.8470269473,588343.4971957188,4.07
23286,20240419,12735.95,333149.8027205986,125331.958045062,463173.8470269473,588343.4971957188,4.02
23286,20240422,12989.15,333149.8027205986,125331.958045062,463173.8470269473,588343.4971957188,4.02
23286,20240423,13090.430000000002,333149.8027205986,125331.958045062,463173.8470269473,588343.4971957188,4.0
23286,20240424,13141.069999999998,333149.8027205986,125331.958045062,463173.8470269473,588343.4971957188,3.95
23286,20240425,13520.87,333149.8027205986,125331.958045062,463173.8470269473,588343.4971957188,4.0
23286,20240426,15191.990000000002,333149.8027205986,125331.958045062,463173.8470269473,588343.4971957188,4.05
23286,20240429,16837.79,333149.8027205986,125331.958045062,463173.8470269473,588343.4971957188,4.1
23286,20240430,17496.11,333149.8027205986,125331.958045062,463173.8470269473,588343.4971957188,4.02
23286,20240502,18686.15,333149.8027205986,125331.958045062,463173.8470269473,588343.4971957188,4.12
23286,20240503,18989.99,333149.8027205986,125331.958045062,463173.8470269473,588343.4971957188,4.18
23286,20240506,18610.19,333149.8027205986,125331.958045062,463173.8470269473,588343.4971957188,4.1
23286,20240507,19141.91,333149.8027205986,125331.958045062,463173.8470269473,588343.4971957188,4.07
23286,20240508,17850.59,333149.8027205986,125331.958045062,463173.8470269473,588343.4971957188,4.07
23286,20240509,18407.63,333149.8027205986,125331.958045062,463173.8470269473,588343.4971957188,4.11
23286,20240510,19547.03,333149.8027205986,125331.958045062,463173.8470269473,588343.4971957188,4.09
23286,20240513,19952.15,333149.8027205986,125331.958045062,463173.8470269473,588343.4971957188,4.13
23286,20240514,19698.95,333149.8027205986,125331.958045062,463173.8470269473,588343.4971957188,4.17
23286,20240516,21420.71,333149.8027205986,125331.958045062,463173.8470269473,588343.4971957188,4.19
23286,20240517,23294.39,333149.8027205986,125331.958045062,463173.8470269473,588343.4971957188,4.21
23286,20240520,22737.35,333149.8027205986,125331.958045062,463173.8470269473,588343.4971957188,4.23
23286,20240521,22408.19,333149.8027205986,125331.958045062,463173.8470269473,588343.4971957188,4.28
23286,20240522,22180.31,333149.8027205986,125331.958045062,463173.8470269473,588343.4971957188,4.33
23286,20240523,21775.19,333149.8027205986,125331.958045062,463173.8470269473,588343.4971957188,4.36
23286,20240524,20585.15,333149.8027205986,125331.958045062,463173.8470269473,588343.4971957188,4.39
23286,20240527,20737.07,333149.8027205986,125331.958045062,463173.8470269473,588343.4971957188,4.32
23286,20240528,20357.27,333149.8027205986,125331.958045062,463173.8470269473,588343.4971957188,4.39
23286,20240529,20306.63,333149.8027205986,125331.958045062,463173.8470269473,588343.4971957188,4.34
23286,20240530,19420.43,333149.8027205986,125331.958045062,463173.8470269473,588343.4971957188,4.34
23286,20240531,19319.15,333149.8027205986,125331.958045062,463173.8470269473,588343.4971957188,4.32
23286,20240603,19977.47,333149.8027205986,125331.958045062,463173.8470269473,588343.4971957188,4.3
23286,20240604,21294.11,333149.8027205986,125331.958045062,463173.8470269473,588343.4971957188,4.29
23286,20240605,20154.71,333149.8027205986,125331.958045062,463173.8470269473,588343.4971957188,4.29
23286,20240606,19926.83,333149.8027205986,125331.958045062,463173.8470269473,588343.4971957188,4.27
23286,20240607,20686.43,333149.8027205986,125331.958045062,463173.8470269473,588343.4971957188,4.28
23286,20240611,20281.31,333149.8027205986,125331.958045062,463173.8470269473,588343.4971957188,4.25
23286,20240612,19800.23,333149.8027205986,125331.958045062,463173.8470269473,588343.4971957188,4.31
23286,20240613,19572.35,333149.8027205986,125331.958045062,463173.8470269473,588343.4971957188,4.31
23286,20240614,19800.23,333149.8027205986,125331.958045062,463173.8470269473,588343.4971957188,4.28
23286,20240617,18888.71,333149.8027205986,125331.958045062,463173.8470269473,588343.4971957188,4.26
23286,20240618,18306.35,333149.8027205986,125331.958045062,463173.8470269473,588343.4971957188,4.26
23286,20240619,17420.15,333149.8027205986,125331.958045062,463173.8470269473,588343.4971957188,4.25
23286,20240620,16913.75,333149.8027205986,125331.958045062,463173.8470269473,588343.4971957188,4.27
23286,20240621,16559.27,333149.8027205986,125331.958045062,463173.8470269473,588343.4971957188,4.26
23286,20240624,16407.35,333149.8027205986,125331.958045062,463173.8470269473,588343.4971957188,4.27
23286,20240625,16128.83,333149.8027205986,125331.958045062,463173.8470269473,588343.4971957188,4.26
23286,20240626,16078.190000000002,333149.8027205986,125331.958045062,463173.8470269473,588343.4971957188,4.24
23286,20240627,15546.47,333149.8027205986,125331.958045062,463173.8470269473,588343.4971957188,4.25
23286,20240628,15546.47,333149.8027205986,125331.958045062,463173.8470269473,588343.4971957188,4.25
23286,20240702,15900.95,333149.8027205986,125331.958045062,463173.8470269473,588343.4971957188,4.22
23286,20240703,16812.47,333149.8027205986,125331.958045062,463173.8470269473,588343.4971957188,4.22
23286,20240704,16331.39,333149.8027205986,125331.958045062,463173.8470269473,588343.4971957188,4.22
23286,20240705,15875.629999999996,333149.8027205986,125331.958045062,463173.8470269473,588343.4971957188,4.23
23286,20240708,15495.83,333149.8027205986,125331.958045062,463173.8470269473,588343.4971957188,4.18
23286,20240709,15521.149999999998,333149.8027205986,125331.958045062,463173.8470269473,588343.4971957188,4.2
23286,20240710,15369.23,333149.8027205986,125331.958045062,463173.8470269473,588343.4971957188,4.23
23286,20240711,15799.67,333149.8027205986,125331.958045062,463173.8470269473,588343.4971957188,4.15
23286,20240712,16685.87,333149.8027205986,125331.958045062,463173.8470269473,588343.4971957188,4.13
23286,20240715,16204.79,333149.8027205986,125331.958045062,463173.8470269473,588343.4971957188,4.11
23286,20240716,16255.43,333149.8027205986,125331.958045062,463173.8470269473,588343.4971957188,4.08
23286,20240717,16913.75,333149.8027205986,125331.958045062,463173.8470269473,588343.4971957188,4.07
23286,20240718,16964.39,333149.8027205986,125331.958045062,463173.8470269473,588343.4971957188,4.04
23286,20240719,16179.469999999998,333149.8027205986,125331.958045062,463173.8470269473,588343.4971957188,4.03
23286,20240722,16052.87,333149.8027205986,125331.958045062,463173.8470269473,588343.4971957188,4.03
23286,20240723,15647.75,333149.8027205986,125331.958045062,463173.8470269473,588343.4971957188,4.03
23286,20240724,15065.39,333149.8027205986,125331.958045062,463173.8470269473,588343.4971957188,4.02
23286,20240725,14761.549999999996,333149.8027205986,125331.958045062,463173.8470269473,588343.4971957188,4.0
23286,20240726,14888.15,333149.8027205986,125331.958045062,463173.8470269473,588343.4971957188,4.0
23286,20240729,14609.629999999996,333149.8027205986,125331.958045062,463173.8470269473,588343.4971957188,4.02
23286,20240730,14432.39,333149.8027205986,125331.958045062,463173.8470269473,588343.4971957188,3.99
23286,20240731,14964.11,333149.8027205986,125331.958045062,463173.8470269473,588343.4971957188,3.93
23286,20240801,14407.069999999998,333149.8027205986,125331.958045062,463173.8470269473,588343.4971957188,3.87
23286,20240802,14483.030000000002,333149.8027205986,125331.958045062,463173.8470269473,588343.4971957188,3.79
23286,20240805,14356.43,333149.8027205986,125331.958045062,463173.8470269473,588343.4971957188,3.63
23286,20240806,14660.27,333149.8027205986,125331.958045062,463173.8470269473,588343.4971957188,3.7
23286,20240807,14837.510000000002,333149.8027205986,125331.958045062,463173.8470269473,588343.4971957188,3.59
23286,20240808,15141.35,333149.8027205986,125331.958045062,463173.8470269473,588343.4971957188,3.55
23286,20240809,15723.71,333149.8027205986,125331.958045062,463173.8470269473,588343.4971957188,3.5
23286,20240812,15419.870000000004,333149.8027205986,125331.958045062,463173.8470269473,588343.4971957188,3.5
23286,20240813,15343.910000000002,333149.8027205986,125331.958045062,463173.8470269473,588343.4971957188,3.56
23286,20240814,15141.35,333149.8027205986,125331.958045062,463173.8470269473,588343.4971957188,3.5
23286,20240815,15116.03,333149.8027205986,125331.958045062,463173.8470269473,588343.4971957188,3.46
23286,20240816,15116.03,333149.8027205986,125331.958045062,463173.8470269473,588343.4971957188,3.49
23286,20240819,15191.990000000002,333149.8027205986,125331.958045062,463173.8470269473,588343.4971957188,3.48
23286,20240820,14761.549999999996,333149.8027205986,125331.958045062,463173.8470269473,588343.4971957188,3.48
23286,20240821,14634.950000000004,333149.8027205986,125331.958045062,463173.8470269473,588343.4971957188,3.47
23286,20240822,14457.71,333149.8027205986,125331.958045062,463173.8470269473,588343.4971957188,3.44
23286,20240823,14103.23,333925.413795335,121942.3208699364,459562.1660493487,576614.2762013604,3.47
23286,20240826,14609.629999999996,333925.413795335,121942.3208699364,459562.1660493487,576614.2762013604,3.41
23286,20240827,14736.23,333925.413795335,121942.3208699364,459562.1660493487,576614.2762013604,3.43
23286,20240828,14483.030000000002,333925.413795335,121942.3208699364,459562.1660493487,576614.2762013604,3.37
23286,20240829,14786.87,333925.413795335,121942.3208699364,459562.1660493487,576614.2762013604,3.38
23286,20240830,15647.75,333925.413795335,121942.3208699364,459562.1660493487,576614.2762013604,3.4
23286,20240902,15166.67,333925.413795335,121942.3208699364,459562.1660493487,576614.2762013604,3.39
23286,20240903,15926.270000000002,333925.413795335,121942.3208699364,459562.1660493487,576614.2762013604,3.38
23286,20240904,15850.31,333925.413795335,121942.3208699364,459562.1660493487,576614.2762013604,3.35
23286,20240905,16609.91,333925.413795335,121942.3208699364,459562.1660493487,576614.2762013604,3.31
23286,20240909,15622.43,333925.413795335,121942.3208699364,459562.1660493487,576614.2762013604,3.3
23286,20240910,14837.510000000002,333925.413795335,121942.3208699364,459562.1660493487,576614.2762013604,3.25
23286,20240911,14837.510000000002,333925.413795335,121942.3208699364,459562.1660493487,576614.2762013604,3.14
23286,20240912,14761.549999999996,333925.413795335,121942.3208699364,459562.1660493487,576614.2762013604,3.1
23286,20240913,14812.19,333925.413795335,121942.3208699364,459562.1660493487,576614.2762013604,3.0
23286,20240916,14558.989999999998,333925.413795335,121942.3208699364,459562.1660493487,576614.2762013604,2.97
23286,20240917,14609.629999999996,333925.413795335,121942.3208699364,459562.1660493487,576614.2762013604,2.97
23286,20240919,15597.11,333925.413795335,121942.3208699364,459562.1660493487,576614.2762013604,2.96
23286,20240920,16280.750000000002,333925.413795335,121942.3208699364,459562.1660493487,576614.2762013604,2.95
23286,20240923,16154.15,333925.413795335,121942.3208699364,459562.1660493487,576614.2762013604,2.96
23286,20240924,16711.19,333925.413795335,121942.3208699364,459562.1660493487,576614.2762013604,3.01
23286,20240925,16306.07,333925.413795335,121942.3208699364,459562.1660493487,576614.2762013604,2.85
23286,20240926,19217.87,333925.413795335,121942.3208699364,459562.1660493487,576614.2762013604,2.81
23286,20240927,22534.79,333925.413795335,121942.3208699364,459562.1660493487,576614.2762013604,2.8
23286,20240930,23193.11,333925.413795335,121942.3208699364,459562.1660493487,576614.2762013604,2.9
23286,20241002,27497.51,333925.413795335,121942.3208699364,459562.1660493487,576614.2762013604,3.1
23286,20241003,24990.83,333925.413795335,121942.3208699364,459562.1660493487,576614.2762013604,3.1
23286,20241004,25877.03,333925.413795335,121942.3208699364,459562.1660493487,576614.2762013604,3.13
23286,20241007,25978.31,333925.413795335,121942.3208699364,459562.1660493487,576614.2762013604,3.25
23286,20241008,22053.71,333925.413795335,121942.3208699364,459562.1660493487,576614.2762013604,3.22
23286,20241009,21116.87,333925.413795335,121942.3208699364,459562.1660493487,576614.2762013604,3.27
23286,20241010,21927.11,333925.413795335,121942.3208699364,459562.1660493487,576614.2762013604,3.22
23286,20241014,23167.79,333925.413795335,121942.3208699364,459562.1660493487,576614.2762013604,3.18
23286,20241015,22889.27,333925.413795335,121942.3208699364,459562.1660493487,576614.2762013604,3.21
23286,20241016,24003.35,333925.413795335,121942.3208699364,459562.1660493487,576614.2762013604,3.2
23286,20241017,22180.31,333925.413795335,121942.3208699364,459562.1660493487,576614.2762013604,3.17
23286,20241018,22863.95,333925.413795335,121942.3208699364,459562.1660493487,576614.2762013604,3.17
23286,20241021,23370.35,333925.413795335,121942.3208699364,459562.1660493487,576614.2762013604,3.2
23286,20241022,23598.23,333925.413795335,121942.3208699364,459562.1660493487,576614.2762013604,3.2
23286,20241023,24028.669999999995,333925.413795335,121942.3208699364,459562.1660493487,576614.2762013604,3.21
23286,20241024,23623.55,333925.413795335,121942.3208699364,459562.1660493487,576614.2762013604,3.2
23286,20241025,24383.15,333925.413795335,121942.3208699364,459562.1660493487,576614.2762013604,3.25
23286,20241028,26079.59,333925.413795335,121942.3208699364,459562.1660493487,576614.2762013604,3.25
23286,20241029,25725.11,333925.413795335,121942.3208699364,459562.1660493487,576614.2762013604,3.26
23286,20241030,25775.75,333925.413795335,121942.3208699364,459562.1660493487,576614.2762013604,3.29
23286,20241031,26130.23,333925.413795335,121942.3208699364,459562.1660493487,576614.2762013604,3.3
23286,20241101,26991.11,333925.413795335,121942.3208699364,459562.1660493487,576614.2762013604,3.3
23286,20241104,26788.55,333925.413795335,121942.3208699364,459562.1660493487,576614.2762013604,3.24
23286,20241105,26839.19,333925.413795335,121942.3208699364,459562.1660493487,576614.2762013604,3.23
23286,20241106,26130.23,333925.413795335,121942.3208699364,459562.1660493487,576614.2762013604,3.24
23286,20241107,27396.23,333925.413795335,121942.3208699364,459562.1660493487,576614.2762013604,3.27
23286,20241108,26130.23,333925.413795335,121942.3208699364,459562.1660493487,576614.2762013604,3.29
23286,20241111,25444.07,333925.413795335,121942.3208699364,459562.1660493487,576614.2762013604,3.3
23286,20241112,24531.73,333925.413795335,121942.3208699364,459562.1660493487,576614.2762013604,3.34
23286,20241113,24252.96,333925.413795335,121942.3208699364,459562.1660493487,576614.2762013604,3.4
23286,20241114,23898.16,333925.413795335,121942.3208699364,459562.1660493487,576614.2762013604,3.42
23286,20241115,23644.74,333925.413795335,121942.3208699364,459562.1660493487,576614.2762013604,3.38
23286,20241118,23644.74,333925.413795335,121942.3208699364,459562.1660493487,576614.2762013604,3.39
23286,20241119,24328.99,333925.413795335,121942.3208699364,459562.1660493487,576614.2762013604,3.4
23286,20241120,24354.33,333925.413795335,121942.3208699364,459562.1660493487,576614.2762013604,3.49
23286,20241121,23872.82,333925.413795335,121942.3208699364,459562.1660493487,576614.2762013604,3.5
23286,20241122,23112.54,333925.413795335,121942.3208699364,459562.1660493487,576614.2762013604,3.52
23286,20241125,22808.43,333925.413795335,121942.3208699364,459562.1660493487,576614.2762013604,3.59
23286,20241126,22935.14,333925.413795335,121942.3208699364,459562.1660493487,576614.2762013604,3.56
23286,20241127,23492.68,333925.413795335,121942.3208699364,459562.1660493487,576614.2762013604,3.6
23286,20241128,23289.94,333925.413795335,121942.3208699364,459562.1660493487,576614.2762013604,3.57
23286,20241129,24126.25,333925.413795335,121942.3208699364,459562.1660493487,576614.2762013604,3.54
23286,20241202,24835.84,333925.413795335,121942.3208699364,459562.1660493487,576614.2762013604,3.55
23286,20241203,24557.07,333925.413795335,121942.3208699364,459562.1660493487,576614.2762013604,3.55
23286,20241204,24252.96,333925.413795335,121942.3208699364,459562.1660493487,576614.2762013604,3.52
23286,20241205,23796.79,333925.413795335,121942.3208699364,459562.1660493487,576614.2762013604,3.54
23286,20241206,24430.36,333925.413795335,121942.3208699364,459562.1660493487,576614.2762013604,3.47
23286,20241209,26052.29,333925.413795335,121942.3208699364,459562.1660493487,576614.2762013604,3.45
23286,20241210,25190.64,333925.413795335,121942.3208699364,459562.1660493487,576614.2762013604,3.59
23286,20241211,24962.560000000005,333925.413795335,121942.3208699364,459562.1660493487,576614.2762013604,3.52
23286,20241212,25849.55,333925.413795335,121942.3208699364,459562.1660493487,576614.2762013604,3.5
23286,20241213,24582.419999999995,333925.413795335,121942.3208699364,459562.1660493487,576614.2762013604,3.49
23286,20241216,23822.14,333925.413795335,121942.3208699364,459562.1660493487,576614.2762013604,3.5
23286,20241217,23213.91,333925.413795335,121942.3208699364,459562.1660493487,576614.2762013604,3.48
23286,20241218,23670.08,333925.413795335,121942.3208699364,459562.1660493487,576614.2762013604,3.5
23286,20241219,23213.91,333925.413795335,121942.3208699364,459562.1660493487,576614.2762013604,3.55
23286,20241220,23036.51,333925.413795335,121942.3208699364,459562.1660493487,576614.2762013604,3.55
23286,20241223,23011.17,333925.413795335,121942.3208699364,459562.1660493487,576614.2762013604,3.53
23286,20241224,23492.68,333925.413795335,121942.3208699364,459562.1660493487,576614.2762013604,3.55
23286,20241227,23441.99,333925.413795335,121942.3208699364,459562.1660493487,576614.2762013604,3.55
23286,20241230,23011.17,333925.413795335,121942.3208699364,459562.1660493487,576614.2762013604,3.55
23286,20241231,23467.34,333925.413795335,121942.3208699364,459562.1660493487,576614.2762013604,3.52
23286,20250102,23974.19,333925.413795335,121942.3208699364,459562.1660493487,576614.2762013604,3.47
23286,20250103,23948.85,333925.413795335,121942.3208699364,459562.1660493487,576614.2762013604,3.49
23286,20250106,22783.08,333925.413795335,121942.3208699364,459562.1660493487,576614.2762013604,3.49
23286,20250107,22555.0,333925.413795335,121942.3208699364,459562.1660493487,576614.2762013604,3.51
23286,20250108,21490.61,333925.413795335,121942.3208699364,459562.1660493487,576614.2762013604,3.55
23286,20250109,21972.12,333925.413795335,121942.3208699364,459562.1660493487,576614.2762013604,3.52
23286,20250110,21414.58,333925.413795335,121942.3208699364,459562.1660493487,576614.2762013604,3.55
23286,20250113,21921.43,333925.413795335,121942.3208699364,459562.1660493487,576614.2762013604,3.55
23286,20250114,22225.55,333925.413795335,121942.3208699364,459562.1660493487,576614.2762013604,3.55
23286,20250115,22174.86,333925.413795335,121942.3208699364,459562.1660493487,576614.2762013604,3.53
23286,20250116,22276.23,333925.413795335,121942.3208699364,459562.1660493487,576614.2762013604,3.51
23286,20250117,22808.43,333925.413795335,121942.3208699364,459562.1660493487,576614.2762013604,3.5
23286,20250120,22174.86,333925.413795335,121942.3208699364,459562.1660493487,576614.2762013604,3.5
23286,20250121,23188.570000000003,333925.413795335,121942.3208699364,459562.1660493487,576614.2762013604,3.46
23286,20250122,22402.94,333925.413795335,121942.3208699364,459562.1660493487,576614.2762013604,3.47
23286,20250123,21921.43,333925.413795335,121942.3208699364,459562.1660493487,576614.2762013604,3.45
23286,20250124,22022.8,333925.413795335,121942.3208699364,459562.1660493487,576614.2762013604,3.45
23286,20250127,21896.09,333925.413795335,121942.3208699364,459562.1660493487,576614.2762013604,3.45
23286,20250128,21769.38,333925.413795335,121942.3208699364,459562.1660493487,576614.2762013604,3.49
23286,20250203,21414.58,333925.413795335,121942.3208699364,459562.1660493487,576614.2762013604,3.41
23286,20250204,20933.07,333925.413795335,121942.3208699364,459562.1660493487,576614.2762013604,3.39
23286,20250205,20882.38,333925.413795335,121942.3208699364,459562.1660493487,576614.2762013604,3.3
23286,20250206,21110.47,333925.413795335,121942.3208699364,459562.1660493487,576614.2762013604,3.3
23286,20250207,22048.15,333925.413795335,121942.3208699364,459562.1660493487,576614.2762013604,3.31
23286,20250210,22960.48,333925.413795335,121942.3208699364,459562.1660493487,576614.2762013604,3.3
23286,20250211,22352.26,333925.413795335,121942.3208699364,459562.1660493487,576614.2762013604,3.3
23286,20250212,23492.68,333925.413795335,121942.3208699364,459562.1660493487,576614.2762013604,3.3
23286,20250213,23720.76,333925.413795335,121942.3208699364,459562.1660493487,576614.2762013604,3.35
23286,20250214,23923.509999999995,333925.413795335,121942.3208699364,459562.1660493487,576614.2762013604,3.32
23286,20250217,24050.22,333925.413795335,121942.3208699364,459562.1660493487,576614.2762013604,3.34
23286,20250218,23695.42,333925.413795335,121942.3208699364,459562.1660493487,576614.2762013604,3.35
23286,20250219,23771.45,333925.413795335,121942.3208699364,459562.1660493487,576614.2762013604,3.39
23286,20250220,23441.99,333925.413795335,121942.3208699364,459562.1660493487,576614.2762013604,3.42
23286,20250221,25114.61,333925.413795335,121942.3208699364,459562.1660493487,576614.2762013604,3.42
23286,20250224,26305.72,333925.413795335,121942.3208699364,459562.1660493487,576614.2762013604,3.4
23286,20250225,26457.78,333925.413795335,121942.3208699364,459562.1660493487,576614.2762013604,3.38
23286,20250226,29701.64,333925.413795335,121942.3208699364,459562.1660493487,576614.2762013604,3.4
23286,20250227,31070.15,333925.413795335,121942.3208699364,459562.1660493487,576614.2762013604,3.4
23286,20250228,29144.1,333925.413795335,121942.3208699364,459562.1660493487,576614.2762013604,3.4
23286,20250303,29904.38,333925.413795335,121942.3208699364,459562.1660493487,576614.2762013604,3.39
23286,20250304,30107.119999999995,333925.413795335,121942.3208699364,459562.1660493487,576614.2762013604,3.35
23286,20250305,31120.830000000005,333925.413795335,121942.3208699364,459562.1660493487,576614.2762013604,3.34
23286,20250306,33300.3,333925.413795335,121942.3208699364,459562.1660493487,576614.2762013604,3.3
23286,20250307,31374.26,333925.413795335,121942.3208699364,459562.1660493487,576614.2762013604,3.28
23286,20250310,30411.24,333925.413795335,121942.3208699364,459562.1660493487,576614.2762013604,3.3
23286,20250311,29955.070000000003,333925.413795335,121942.3208699364,459562.1660493487,576614.2762013604,3.3
23286,20250312,31272.89,333925.413795335,121942.3208699364,459562.1660493487,576614.2762013604,3.27
23286,20250313,29498.9,333925.413795335,121942.3208699364,459562.1660493487,576614.2762013604,3.27
23286,20250314,32438.65,333925.413795335,121942.3208699364,459562.1660493487,576614.2762013604,3.23
23286,20250317,34009.9,333925.413795335,121942.3208699364,459562.1660493487,576614.2762013604,3.26
23286,20250318,33553.73,333925.413795335,121942.3208699364,459562.1660493487,576614.2762013604,3.26
23286,20250319,32945.51,333925.413795335,121942.3208699364,459562.1660493487,576614.2762013604,3.25
23286,20250320,31779.74,333925.413795335,121942.3208699364,459562.1660493487,576614.2762013604,3.26
23286,20250321,30613.980000000003,333925.413795335,121942.3208699364,459562.1660493487,576614.2762013604,3.25
23286,20250324,30613.980000000003,333925.413795335,121942.3208699364,459562.1660493487,576614.2762013604,3.25
23286,20250325,30613.980000000003,333925.413795335,121942.3208699364,459562.1660493487,576614.2762013604,3.21
23286,20250326,30613.980000000003,333925.413795335,121942.3208699364,459562.1660493487,576614.2762013604,3.22
23286,20250327,27218.06,333925.413795335,121942.3208699364,459562.1660493487,576614.2762013604,3.19
23286,20250328,27167.369999999995,303791.4364435766,112766.50109434738,419555.4921919835,540308.2581093524,3.15
23286,20250331,27876.97,303791.4364435766,112766.50109434738,419555.4921919835,540308.2581093524,3.05
23286,20250401,28738.620000000003,303791.4364435766,112766.50109434738,419555.4921919835,540308.2581093524,3.1
23286,20250402,27674.230000000003,303791.4364435766,112766.50109434738,419555.4921919835,540308.2581093524,3.05
23286,20250403,28079.71,303791.4364435766,112766.50109434738,419555.4921919835,540308.2581093524,3.02
23286,20250407,24252.96,303791.4364435766,112766.50109434738,419555.4921919835,540308.2581093524,2.89
23286,20250408,24633.1,303791.4364435766,112766.50109434738,419555.4921919835,540308.2581093524,2.93
23286,20250409,25446.78,303791.4364435766,112766.50109434738,419555.4921919835,540308.2581093524,2.92
23286,20250410,25903.91,303791.4364435766,112766.50109434738,419555.4921919835,540308.2581093524,2.83
23286,20250411,26665.79,303791.4364435766,112766.50109434738,419555.4921919835,540308.2581093524,2.9
23286,20250414,26614.99,303791.4364435766,112766.50109434738,419555.4921919835,540308.2581093524,3.01
23286,20250415,25548.36,303791.4364435766,112766.50109434738,419555.4921919835,540308.2581093524,2.97
23286,20250416,26005.49,303791.4364435766,112766.50109434738,419555.4921919835,540308.2581093524,2.98
23286,20250417,26970.540000000005,303791.4364435766,112766.50109434738,419555.4921919835,540308.2581093524,2.91
23286,20250422,27326.08,303791.4364435766,112766.50109434738,419555.4921919835,540308.2581093524,2.98
23286,20250423,26462.62,303791.4364435766,112766.50109434738,419555.4921919835,540308.2581093524,2.98
23286,20250424,26614.99,303791.4364435766,112766.50109434738,419555.4921919835,540308.2581093524,2.99
23286,20250425,26310.24,303791.4364435766,112766.50109434738,419555.4921919835,540308.2581093524,3.02
23286,20250428,25599.15,303791.4364435766,112766.50109434738,419555.4921919835,540308.2581093524,3.02
23286,20250429,25497.57,303791.4364435766,112766.50109434738,419555.4921919835,540308.2581093524,2.99
23286,20250430,25192.82,303791.4364435766,112766.50109434738,419555.4921919835,540308.2581093524,3.1
23286,20250502,25700.74,303791.4364435766,112766.50109434738,419555.4921919835,540308.2581093524,3.03
23286,20250506,24862.67,303791.4364435766,112766.50109434738,419555.4921919835,540308.2581093524,3.03
23286,20250507,24888.070000000003,303791.4364435766,112766.50109434738,419555.4921919835,540308.2581093524,2.79
23286,20250508,24532.52,303791.4364435766,112766.50109434738,419555.4921919835,540308.2581093524,2.35
23286,20250509,23694.46,303791.4364435766,112766.50109434738,419555.4921919835,540308.2581093524,2.25
23286,20250512,24354.75,303791.4364435766,112766.50109434738,419555.4921919835,540308.2581093524,1.86
23286,20250513,24634.11,303791.4364435766,112766.50109434738,419555.4921919835,540308.2581093524,1.77
23286,20250514,24684.9,303791.4364435766,112766.50109434738,419555.4921919835,540308.2581093524,1.72
23286,20250515,24837.28,303791.4364435766,112766.50109434738,419555.4921919835,540308.2581093524,1.8
23286,20250516,24811.88,303791.4364435766,112766.50109434738,419555.4921919835,540308.2581093524,1.9
23286,20250519,24481.73,303791.4364435766,112766.50109434738,419555.4921919835,540308.2581093524,1.8
23286,20250520,24176.98,303791.4364435766,112766.50109434738,419555.4921919835,540308.2581093524,1.76
23286,20250521,24075.4,303791.4364435766,112766.50109434738,419555.4921919835,540308.2581093524,1.7
23286,20250522,23770.64,303791.4364435766,112766.50109434738,419555.4921919835,540308.2581093524,1.63
23286,20250523,23440.500000000004,303791.4364435766,112766.50109434738,419555.4921919835,540308.2581093524,1.55
23286,20250526,23288.120000000003,303791.4364435766,112766.50109434738,419555.4921919835,540308.2581093524,1.63
23286,20250527,23161.14,303791.4364435766,112766.50109434738,419555.4921919835,540308.2581093524,1.63
23286,20250528,23440.500000000004,303791.4364435766,112766.50109434738,419555.4921919835,540308.2581093524,1.7
23286,20250529,24176.98,303791.4364435766,112766.50109434738,419555.4921919835,540308.2581093524,1.75
23286,20250530,24176.98,303791.4364435766,112766.50109434738,419555.4921919835,540308.2581093524,1.72
23286,20250602,23719.85,303791.4364435766,112766.50109434738,419555.4921919835,540308.2581093524,1.71
23286,20250603,23618.27,303791.4364435766,112766.50109434738,419555.4921919835,540308.2581093524,1.7
23286,20250604,23643.66,303791.4364435766,112766.50109434738,419555.4921919835,540308.2581093524,1.92
23286,20250605,23592.87,303791.4364435766,112766.50109434738,419555.4921919835,540308.2581093524,1.83
23286,20250606,23897.62,303791.4364435766,112766.50109434738,419555.4921919835,540308.2581093524,1.85
23286,20250609,23872.23,303791.4364435766,112766.50109434738,419555.4921919835,540308.2581093524,1.8
23286,20250610,24430.94,303791.4364435766,112766.50109434738,419555.4921919835,540308.2581093524,1.82
23286,20250611,24837.28,303791.4364435766,112766.50109434738,419555.4921919835,540308.2581093524,1.79
23286,20250612,24710.3,303791.4364435766,112766.50109434738,419555.4921919835,540308.2581093524,1.94
23286,20250613,25446.78,303791.4364435766,112766.50109434738,419555.4921919835,540308.2581093524,1.85
23286,20250616,26056.28,303791.4364435766,112766.50109434738,419555.4921919835,540308.2581093524,1.9
23286,20250617,25345.19,303791.4364435766,112766.50109434738,419555.4921919835,540308.2581093524,1.85
23286,20250618,24354.75,303791.4364435766,112766.50109434738,419555.4921919835,540308.2581093524,1.69
23286,20250619,23567.48,303791.4364435766,112766.50109434738,419555.4921919835,540308.2581093524,1.67
23286,20250620,23846.83,303791.4364435766,112766.50109434738,419555.4921919835,540308.2581093524,1.7
23286,20250623,24329.36,303791.4364435766,112766.50109434738,419555.4921919835,540308.2581093524,1.7
23286,20250624,24913.46,303791.4364435766,112766.50109434738,419555.4921919835,540308.2581093524,1.7
23286,20250625,25116.63,303791.4364435766,112766.50109434738,419555.4921919835,540308.2581093524,1.76
23286,20250626,25243.61,303791.4364435766,112766.50109434738,419555.4921919835,540308.2581093524,1.7
23286,20250627,24608.71,303791.4364435766,112766.50109434738,419555.4921919835,540308.2581093524,1.66
23286,20250630,23999.21,303791.4364435766,112766.50109434738,419555.4921919835,540308.2581093524,1.61
23286,20250702,24202.38,303791.4364435766,112766.50109434738,419555.4921919835,540308.2581093524,1.75
23286,20250703,24176.98,303791.4364435766,112766.50109434738,419555.4921919835,540308.2581093524,1.6800000000000002
23286,20250704,24075.4,303791.4364435766,112766.50109434738,419555.4921919835,540308.2581093524,1.75
23286,20250707,24811.88,303791.4364435766,112766.50109434738,419555.4921919835,540308.2581093524,1.8
23286,20250708,25065.84,303791.4364435766,112766.50109434738,419555.4921919835,540308.2581093524,1.75
23286,20250709,24913.46,303791.4364435766,112766.50109434738,419555.4921919835,540308.2581093524,1.8
23286,20250710,26564.2,303791.4364435766,112766.50109434738,419555.4921919835,540308.2581093524,1.8
23286,20250711,25751.53,303791.4364435766,112766.50109434738,419555.4921919835,540308.2581093524,1.77
23286,20250714,25954.7,303791.4364435766,112766.50109434738,419555.4921919835,540308.2581093524,1.85
23286,20250715,25497.57,303791.4364435766,112766.50109434738,419555.4921919835,540308.2581093524,1.87
23286,20250716,25091.24,303791.4364435766,112766.50109434738,419555.4921919835,540308.2581093524,1.95
23286,20250717,24989.65,303791.4364435766,112766.50109434738,419555.4921919835,540308.2581093524,1.92
23286,20250718,25065.84,303791.4364435766,112766.50109434738,419555.4921919835,540308.2581093524,1.9
23286,20250721,25599.15,303791.4364435766,112766.50109434738,419555.4921919835,540308.2581093524,1.85
23286,20250722,26208.66,303791.4364435766,112766.50109434738,419555.4921919835,540308.2581093524,1.85
23286,20250723,26665.79,303791.4364435766,112766.50109434738,419555.4921919835,540308.2581093524,1.85
23286,20250724,27021.33,303791.4364435766,112766.50109434738,419555.4921919835,540308.2581093524,1.85
23286,20250725,27376.87,303791.4364435766,112766.50109434738,419555.4921919835,540308.2581093524,1.85
23286,20250728,27173.71,303791.4364435766,112766.50109434738,419555.4921919835,540308.2581093524,1.85
23286,20250729,27122.91,303791.4364435766,112766.50109434738,419555.4921919835,540308.2581093524,1.81
23286,20250730,26564.2,303791.4364435766,112766.50109434738,419555.4921919835,540308.2581093524,1.84
23286,20250731,25065.84,303791.4364435766,112766.50109434738,419555.4921919835,540308.2581093524,1.91
23286,20250801,25243.61,303791.4364435766,112766.50109434738,419555.4921919835,540308.2581093524,1.94
23286,20250804,25370.59,303791.4364435766,112766.50109434738,419555.4921919835,540308.2581093524,1.82
23286,20250805,25446.78,303791.4364435766,112766.50109434738,419555.4921919835,540308.2581093524,1.82
23286,20250806,25319.8,303791.4364435766,112766.50109434738,419555.4921919835,540308.2581093524,1.8
23286,20250807,25649.95,303791.4364435766,112766.50109434738,419555.4921919835,540308.2581093524,1.85
23286,20250808,25522.97,303791.4364435766,112766.50109434738,419555.4921919835,540308.2581093524,1.85
23286,20250811,25599.15,303791.4364435766,112766.50109434738,419555.4921919835,540308.2581093524,1.83
23286,20250812,26589.6,303791.4364435766,112766.50109434738,419555.4921919835,540308.2581093524,1.86
23286,20250813,27148.31,303791.4364435766,112766.50109434738,419555.4921919835,540308.2581093524,1.92
23286,20250814,27656.23,303791.4364435766,112766.50109434738,419555.4921919835,540308.2581093524,1.99
23286,20250815,28037.17,303791.4364435766,112766.50109434738,419555.4921919835,540308.2581093524,1.97
23286,20250818,27707.02,303791.4364435766,112766.50109434738,419555.4921919835,540308.2581093524,2.01
23286,20250819,27376.87,303791.4364435766,112766.50109434738,419555.4921919835,540308.2581093524,2.1
23286,20250820,27046.73,303791.4364435766,112766.50109434738,419555.4921919835,540308.2581093524,2.16
23286,20250821,27529.25,303791.4364435766,112766.50109434738,419555.4921919835,540308.2581093524,2.26
23286,20250822,27173.71,303215.33845444146,131735.00486963318,436947.8691728547,567688.0500928201,2.16
23286,20250825,27478.460000000003,303215.33845444146,131735.00486963318,436947.8691728547,567688.0500928201,2.25
23286,20250826,25751.53,303215.33845444146,131735.00486963318,436947.8691728547,567688.0500928201,2.2
23286,20250827,25319.8,303215.33845444146,131735.00486963318,436947.8691728547,567688.0500928201,2.44
23286,20250828,24253.17,303215.33845444146,131735.00486963318,436947.8691728547,567688.0500928201,2.39
23286,20250829,24786.480000000003,303215.33845444146,131735.00486963318,436947.8691728547,567688.0500928201,2.4
23286,20250901,24761.09,303215.33845444146,131735.00486963318,436947.8691728547,567688.0500928201,2.45
23286,20250902,24075.4,303215.33845444146,131735.00486963318,436947.8691728547,567688.0500928201,2.4
23286,20250903,23694.46,303215.33845444146,131735.00486963318,436947.8691728547,567688.0500928201,2.51
23286,20250904,23389.7,303215.33845444146,131735.00486963318,436947.8691728547,567688.0500928201,2.5
23286,20250905,23770.64,303215.33845444146,131735.00486963318,436947.8691728547,567688.0500928201,2.5
23286,20250908,23872.23,303215.33845444146,131735.00486963318,436947.8691728547,567688.0500928201,2.5
23286,20250909,24405.540000000005,303215.33845444146,131735.00486963318,436947.8691728547,567688.0500928201,2.5
23286,20250910,24989.65,303215.33845444146,131735.00486963318,436947.8691728547,567688.0500928201,2.54
23286,20250911,24761.09,303215.33845444146,131735.00486963318,436947.8691728547,567688.0500928201,2.5
23286,20250912,25091.24,303215.33845444146,131735.00486963318,436947.8691728547,567688.0500928201,2.5
23286,20250915,25091.24,303215.33845444146,131735.00486963318,436947.8691728547,567688.0500928201,2.55
23286,20250916,24989.65,303215.33845444146,131735.00486963318,436947.8691728547,567688.0500928201,2.52
23286,20250917,25522.97,303215.33845444146,131735.00486963318,436947.8691728547,567688.0500928201,2.51
23286,20250918,25040.44,303215.33845444146,131735.00486963318,436947.8691728547,567688.0500928201,2.55
23286,20250919,24761.09,303215.33845444146,131735.00486963318,436947.8691728547,567688.0500928201,2.51
23286,20250922,24862.67,303215.33845444146,131735.00486963318,436947.8691728547,567688.0500928201,2.6
23286,20250923,24075.4,303215.33845444146,131735.00486963318,436947.8691728547,567688.0500928201,2.6
23286,20250924,24202.38,303215.33845444146,131735.00486963318,436947.8691728547,567688.0500928201,2.6
23286,20250925,23821.44,303215.33845444146,131735.00486963318,436947.8691728547,567688.0500928201,2.6
23286,20250926,23669.06,303215.33845444146,131735.00486963318,436947.8691728547,567688.0500928201,2.6
23286,20250929,23745.248186,303215.33845444146,131735.00486963318,436947.8691728547,567688.0500928201,2.65
23286,20250930,24126.187012,303215.33845444146,131735.00486963318,436947.8691728547,567688.0500928201,2.6
23286,20251002,23694.45505,303215.33845444146,131735.00486963318,436947.8691728547,567688.0500928201,2.62
23286,20251003,23034.158825,303215.33845444146,131735.00486963318,436947.8691728547,567688.0500928201,2.65
23286,20251006,22881.784263,303215.33845444146,131735.00486963318,436947.8691728547,567688.0500928201,2.65
23286,20251008,22424.655734,303215.33845444146,131735.00486963318,436947.8691728547,567688.0500928201,2.7
23286,20251009,22830.991128,303215.33845444146,131735.00486963318,436947.8691728547,567688.0500928201,2.65
23286,20251010,23338.91037,303215.33845444146,131735.00486963318,436947.8691728547,567688.0500928201,2.73
23286,20251013,22577.032718,303215.33845444146,131735.00486963318,436947.8691728547,567688.0500928201,2.7
23286,20251014,22272.281172,303215.33845444146,131735.00486963318,436947.8691728547,567688.0500928201,2.7
23286,20251015,22602.426863,303215.33845444146,131735.00486963318,436947.8691728547,567688.0500928201,2.7
23286,20251016,22272.281172,303215.33845444146,131735.00486963318,436947.8691728547,567688.0500928201,2.7
23286,20251017,21662.77566,303215.33845444146,131735.00486963318,436947.8691728547,567688.0500928201,2.7
23286,20251020,22450.052302,303215.33845444146,131735.00486963318,436947.8691728547,567688.0500928201,2.71
23286,20251021,22678.616566,303215.33845444146,131735.00486963318,436947.8691728547,567688.0500928201,2.77
23286,20251022,22805.59456,303215.33845444146,131735.00486963318,436947.8691728547,567688.0500928201,2.63
23286,20251023,22373.865021,303215.33845444146,131735.00486963318,436947.8691728547,567688.0500928201,2.7
23286,20251024,22500.843015,303215.33845444146,131735.00486963318,436947.8691728547,567688.0500928201,2.7
23286,20251027,22399.259166,303215.33845444146,131735.00486963318,436947.8691728547,567688.0500928201,2.72
23286,20251028,22145.300756,303215.33845444146,131735.00486963318,436947.8691728547,567688.0500928201,2.7
23286,20251030,21180.252985,303215.33845444146,131735.00486963318,436947.8691728547,567688.0500928201,2.75
23286,20251031,21078.669137,303215.33845444146,131735.00486963318,436947.8691728547,567688.0500928201,2.75
23286,20251103,21002.481856,303215.33845444146,131735.00486963318,436947.8691728547,567688.0500928201,2.7
23286,20251104,21256.440266,303215.33845444146,131735.00486963318,436947.8691728547,567688.0500928201,2.7
23286,20251105,20977.085288,303215.33845444146,131735.00486963318,436947.8691728547,567688.0500928201,2.63
23286,20251106,20951.688721,303215.33845444146,131735.00486963318,436947.8691728547,567688.0500928201,2.65
23286,20251107,20951.688721,303215.33845444146,131735.00486963318,436947.8691728547,567688.0500928201,2.65
23286,20251110,22577.032718,303215.33845444146,131735.00486963318,436947.8691728547,567688.0500928201,2.61
23286,20251111,22602.426863,303215.33845444146,131735.00486963318,436947.8691728547,567688.0500928201,2.65
23286,20251112,22704.010712,303215.33845444146,131735.00486963318,436947.8691728547,567688.0500928201,2.69
23286,20251113,23389.703505,303215.33845444146,131735.00486963318,436947.8691728547,567688.0500928201,2.64
23286,20251114,23237.326521,303215.33845444146,131735.00486963318,436947.8691728547,567688.0500928201,2.65
23286,20251117,23465.890786,303215.33845444146,131735.00486963318,436947.8691728547,567688.0500928201,2.7
23286,20251118,22653.219998,303215.33845444146,131735.00486963318,436947.8691728547,567688.0500928201,2.65
23286,20251119,22577.032718,303215.33845444146,131735.00486963318,436947.8691728547,567688.0500928201,2.55
23286,20251120,23211.932376,303215.33845444146,131735.00486963318,436947.8691728547,567688.0500928201,2.57
23286,20251121,23288.119657,303215.33845444146,131735.00486963318,436947.8691728547,567688.0500928201,2.55
23286,20251124,22932.574976,303215.33845444146,131735.00486963318,436947.8691728547,567688.0500928201,2.55
23286,20251125,22932.574976,303215.33845444146,131735.00486963318,436947.8691728547,567688.0500928201,2.6
23286,20251126,22602.426863,303215.33845444146,131735.00486963318,436947.8691728547,567688.0500928201,2.65
23286,20251127,22627.823431,303215.33845444146,131735.00486963318,436947.8691728547,567688.0500928201,2.55
23286,20251128,22551.63615,303215.33845444146,131735.00486963318,436947.8691728547,567688.0500928201,2.6
23286,20251201,22881.784263,303215.33845444146,131735.00486963318,436947.8691728547,567688.0500928201,2.52
23286,20251202,22983.368111,303215.33845444146,131735.00486963318,436947.8691728547,567688.0500928201,2.5
23286,20251203,23008.764679,303215.33845444146,131735.00486963318,436947.8691728547,567688.0500928201,2.5
23286,20251204,22754.803847,303215.33845444146,131735.00486963318,436947.8691728547,567688.0500928201,2.55
23286,20251205,23110.348527,303215.33845444146,131735.00486963318,436947.8691728547,567688.0500928201,2.55
23286,20251208,22348.468453,303215.33845444146,131735.00486963318,436947.8691728547,567688.0500928201,2.48
23286,20251209,21358.024114,303215.33845444146,131735.00486963318,436947.8691728547,567688.0500928201,2.5
23286,20251210,21916.736492,303215.33845444146,131735.00486963318,436947.8691728547,567688.0500928201,2.53
23286,20251211,21688.172227,303215.33845444146,131735.00486963318,436947.8691728547,567688.0500928201,2.5
23286,20251212,21891.339924,303215.33845444146,131735.00486963318,436947.8691728547,567688.0500928201,2.46
23286,20251215,21586.588379,303215.33845444146,131735.00486963318,436947.8691728547,567688.0500928201,2.38
23286,20251216,21434.211395,303215.33845444146,131735.00486963318,436947.8691728547,567688.0500928201,2.38
23286,20251217,21307.233401,303215.33845444146,131735.00486963318,436947.8691728547,567688.0500928201,2.5
23286,20251218,21281.836834,303215.33845444146,131735.00486963318,436947.8691728547,567688.0500928201,2.45
23286,20251219,21281.836834,303215.33845444146,131735.00486963318,436947.8691728547,567688.0500928201,2.5
23286,20251222,21383.420682,303215.33845444146,131735.00486963318,436947.8691728547,567688.0500928201,2.49
23286,20251223,21129.45985,303215.33845444146,131735.00486963318,436947.8691728547,567688.0500928201,2.45
23286,20251224,20977.085288,303215.33845444146,131735.00486963318,436947.8691728547,567688.0500928201,2.45
23286,20251229,21053.272569,303215.33845444146,131735.00486963318,436947.8691728547,567688.0500928201,2.45
23286,20251230,20977.085288,303215.33845444146,131735.00486963318,436947.8691728547,567688.0500928201,2.42
23286,20251231,21510.401098,303215.33845444146,131735.00486963318,436947.8691728547,567688.0500928201,2.21
23286,20260102,21281.837312834006,303215.3385,131735.0049,436947.8692,567688.0501,2.26
23286,20260105,22678.61707672401,303215.3385,131735.0049,436947.8692,567688.0501,2.28
23286,20260106,22856.38821,303215.3385,131735.0049,436947.8692,567688.0501,2.37
23286,20260107,22856.38821,303215.3385,131735.0049,436947.8692,567688.0501,2.35
23286,20260108,22881.78477816801,303215.3385,131735.0049,436947.8692,567688.0501,2.3
23286,20260109,22602.427372219983,303215.3385,131735.0049,436947.8692,567688.0501,2.31
23286,20260112,22145.30125494601,303215.3385,131735.0049,436947.8692,567688.0501,2.33
23286,20260113,21967.527699719984,303215.3385,131735.0049,436947.8692,567688.0501,2.28
23286,20260114,22043.71740422401,303215.3385,131735.0049,436947.8692,567688.0501,2.2
23286,20260115,22602.427372219983,303215.3385,131735.0049,436947.8692,567688.0501,2.27
23286,20260116,22196.09196933199,303215.3385,131735.0049,436947.8692,567688.0501,2.26
23286,20260119,22373.865524558023,303215.3385,131735.0049,436947.8692,567688.0501,2.22
23286,20260120,23618.26830139001,303215.3385,131735.0049,436947.8692,567688.0501,2.25
23286,20260121,23669.059015775987,303215.3385,131735.0049,436947.8692,567688.0501,2.15
23286,20260122,24507.126389719982,303215.3385,131735.0049,436947.8692,567688.0501,2.21
23286,20260123,24608.71024044198,303215.3385,131735.0049,436947.8692,567688.0501,2.15
23286,20260126,24684.899944946013,303215.3385,131735.0049,436947.8692,567688.0501,2.2
23286,20260127,24989.65149711201,303215.3385,131735.0049,436947.8692,567688.0501,2.17
23286,20260128,27249.892781163977,303215.3385,131735.0049,436947.8692,567688.0501,2.15
23286,20260129,28951.42409721998,303215.3385,131735.0049,436947.8692,567688.0501,2.15
23286,20260130,28418.108275441977,303215.3385,131735.0049,436947.8692,567688.0501,2.12
23286,20260202,26767.370095722,303215.3385,131735.0049,436947.8692,567688.0501,2.12
23286,20260203,27960.98215816801,303215.3385,131735.0049,436947.8692,567688.0501,2.1
23286,20260204,29230.78150316801,303215.3385,131735.0049,436947.8692,567688.0501,2.07
23286,20260205,28494.29797994601,303215.3385,131735.0049,436947.8692,567688.0501,2.14
23286,20260206,28849.840246497984,303215.3385,131735.0049,436947.8692,567688.0501,2.15
23286,20260209,28570.4852625,303215.3385,131735.0049,436947.8692,567688.0501,2.14
23286,20260210,28392.714129224016,303215.3385,131735.0049,436947.8692,567688.0501,2.12
23286,20260211,29129.19765244601,303215.3385,131735.0049,436947.8692,567688.0501,2.1
23286,20260212,29332.365353890007,303215.3385,131735.0049,436947.8692,567688.0501,2.08
23286,20260213,28595.88183066801,303215.3385,131735.0049,436947.8692,567688.0501,2.06
23286,20260216,28113.356723275985,303215.3385,131735.0049,436947.8692,567688.0501,2.1
23286,20260220,28214.940573997985,303215.3385,131735.0049,436947.8692,567688.0501,2.1
23286,20260223,27986.37872633602,303215.3385,131735.0049,436947.8692,567688.0501,2.12
23286,20260224,27732.417888556003,303215.3385,131735.0049,436947.8692,567688.0501,2.06
23286,20260225,28189.546427780017,303215.3385,131735.0049,436947.8692,567688.0501,2.1
23286,20260226,27097.518216056003,303215.3385,131735.0049,436947.8692,567688.0501,2.18
23286,20260227,26564.202394278,303215.3385,131735.0049,436947.8692,567688.0501,2.14
23286,20260302,25802.32230288799,303215.3385,131735.0049,436947.8692,567688.0501,2.18
23286,20260303,25548.36388705802,303215.3385,131735.0049,436947.8692,567688.0501,2.17
23286,20260304,25040.442211497982,303215.3385,131735.0049,436947.8692,567688.0501,2.16
23286,20260305,25091.23534783401,303215.3385,131735.0049,436947.8692,567688.0501,2.15
23286,20260306,25446.780036336026,303215.3385,131735.0049,436947.8692,567688.0501,2.05
23286,20260309,25116.63191600201,303215.3385,131735.0049,436947.8692,567688.0501,2.0
23286,20260310,25522.96731889001,303215.3385,131735.0049,436947.8692,567688.0501,2.01
23286,20260311,26234.054273943995,303215.3385,131735.0049,436947.8692,567688.0501,2.08
23286,20260312,26386.431261002013,303215.3385,131735.0049,436947.8692,567688.0501,2.05
23286,20260313,26259.450842112008,303215.3385,131735.0049,436947.8692,567688.0501,2.02
23286,20260316,27580.040901497985,303215.3385,131735.0049,436947.8692,567688.0501,2.1
23286,20260317,27529.250187112008,303215.3385,131735.0049,436947.8692,567688.0501,2.05
23286,20260318,26538.805826109998,303215.3385,131735.0049,436947.8692,567688.0501,2.07
23286,20260319,25065.83877966599,303215.3385,131735.0049,436947.8692,567688.0501,2.08
23286,20260320,24532.52295788799,303215.3385,131735.0049,436947.8692,567688.0501,2.08
23286,20260323,23465.891314331988,303215.3385,131735.0049,436947.8692,567688.0501,2.07
23286,20260324,23770.642866497987,303215.3385,131735.0049,436947.8692,567688.0501,2.08
23286,20260325,23821.43600283401,303215.3385,131735.0049,436947.8692,567688.0501,2.1
23286,20260326,23415.10059994601,303215.3385,131735.0049,436947.8692,567688.0501,2.17
23286,20260327,23516.68445066801,303215.3385,131735.0049,436947.8692,567688.0501,2.15
23286,20260330,23161.139762165996,303215.3385,131735.0049,436947.8692,567688.0501,2.1
23286,20260331,22170.69540116398,259707.602,121306.1984,382768.295,500346.1473,2.06
23286,20260401,21815.153134612006,259707.602,121306.1984,382768.295,500346.1473,2.05
23286,20260402,21358.024595387997,259707.602,121306.1984,382768.295,500346.1473,2.15
23286,20260408,22018.320836056,259707.602,121306.1984,382768.295,500346.1473,2.12
23286,20260409,21180.253462112007,259707.602,121306.1984,382768.295,500346.1473,2.18
23286,20260410,21205.65003028002,259707.602,121306.1984,382768.295,500346.1473,2.2
23286,20260413,21789.756566444,259707.602,121306.1984,382768.295,500346.1473,2.2
23286,20260414,23313.51674922401,259707.602,121306.1984,382768.295,500346.1473,2.17
23286,20260415,23364.307463609992,259707.602,121306.1984,382768.295,500346.1473,2.23
23286,20260416,23161.139762165996,259707.602,121306.1984,382768.295,500346.1473,2.26
23286,20260417,23237.327044719983,259707.602,121306.1984,382768.295,500346.1473,2.32
23286,20260420,23516.68445066801,259707.602,121306.1984,382768.295,500346.1473,2.29
23286,20260421,24126.187555,259707.602,121306.1984,382768.295,500346.1473,2.25
23286,20260422,23719.85215211201,259707.602,121306.1984,382768.295,500346.1473,2.25
23286,20260423,22983.368628890006,259707.602,121306.1984,382768.295,500346.1473,2.25
23286,20260424,23161.139762165996,259707.602,121306.1984,382768.295,500346.1473,2.25
23286,20260427,23008.765197058023,259707.602,121306.1984,382768.295,500346.1473,2.25
23286,20260428,23084.95247961201,259707.602,121306.1984,382768.295,500346.1473,2.27
23286,20260429,24684.899944946013,259707.602,121306.1984,382768.295,500346.1473,2.34
23286,20260430,24456.33567533401,259707.602,121306.1984,382768.295,500346.1473,2.28
23286,20260504,24583.316094224014,259707.602,121306.1984,382768.295,500346.1473,2.27
23286,20260505,24456.33567533401,259707.602,121306.1984,382768.295,500346.1473,2.29
23286,20260506,25954.699289946013,259707.602,121306.1984,382768.295,500346.1473,2.46
23286,20260507,26284.847410280017,259707.602,121306.1984,382768.295,500346.1473,2.46
23286,20260508,27808.605171109997,259707.602,121306.1984,382768.295,500346.1473,2.47
23286,20260511,27910.18902183199,259707.602,121306.1984,382768.295,500346.1473,2.4
23286,20260512,27783.208602941977,259707.602,121306.1984,382768.295,500346.1473,2.42
23286,20260513,27529.250187112008,259707.602,121306.1984,382768.295,500346.1473,2.56
23286,20260514,27427.666336390008,259707.602,121306.1984,382768.295,500346.1473,2.54
23286,20260515,26513.409257941978,259707.602,121306.1984,382768.295,500346.1473,2.53
23286,20260518,25218.215766724014,259707.602,121306.1984,382768.295,500346.1473,2.51
23286,20260519,25142.026062219986,259707.602,121306.1984,382768.295,500346.1473,2.5
23286,20260520,24862.671078222,259707.602,121306.1984,382768.295,500346.1473,2.57
23286,20260521,23948.41642172401,259707.602,121306.1984,382768.295,500346.1473,2.56
23286,20260522,23719.85215211201,259707.602,121306.1984,382768.295,500346.1473,2.56
23286,20260526,23364.307463609992,259707.602,121306.1984,382768.295,500346.1473,2.53
23286,20260527,22932.575492553984,259707.602,121306.1984,382768.295,500346.1473,2.53
23286,20260528,22246.88510566801,259707.602,121306.1984,382768.295,500346.1473,2.56
23286,20260529,22526.240089665996,259707.602,121306.1984,382768.295,500346.1473,2.57
23286,20260601,23084.95247961201,259707.602,121306.1984,382768.295,500346.1473,2.57
23286,20260602,22526.240089665996,259707.602,121306.1984,382768.295,500346.1473,2.58
23286,20260603,22704.01122294198,259707.602,121306.1984,382768.295,500346.1473,2.57
23286,20260604,22297.675820053984,259707.602,121306.1984,382768.295,500346.1473,2.56
23286,20260605,21967.527699719984,259707.602,121306.1984,382768.295,500346.1473,2.55
23286,20260608,21408.81773172401,259707.602,121306.1984,382768.295,500346.1473,2.52
23286,20260609,20977.08576066801,259707.602,121306.1984,382768.295,500346.1473,2.57
23286,20260610,21205.65003028002,259707.602,121306.1984,382768.295,500346.1473,2.5
23286,20260611,21104.06617955802,259707.602,121306.1984,382768.295,500346.1473,2.56
23286,20260612,21332.628027219984,259707.602,121306.1984,382768.295,500346.1473,2.55
23286,20260615,21002.48232883602,259707.602,121306.1984,382768.295,500346.1473,2.55
23286,20260616,19910.454117112007,259707.602,121306.1984,382768.295,500346.1473,2.52
23286,20260617,19656.49327933199,259707.602,121306.1984,382768.295,500346.1473,2.52
23286,20260618,18335.90200897099,259707.602,121306.1984,382768.295,500346.1473,2.54
23286,20260622,17701.00233647099,259707.602,121306.1984,382768.295,500346.1473,2.54
23286,20260623,17320.063501751007,259707.602,121306.1984,382768.295,500346.1473,2.57
23286,20260624,16786.747679973007,259707.602,121306.1984,382768.295,500346.1473,2.66
23286,20260625,16583.57997852901,259707.602,121306.1984,382768.295,500346.1473,2.6
23286,20260626,16278.827215387992,259707.602,121306.1984,382768.295,500346.1473,2.63
23286,20260629,17294.666933582997,259707.602,121306.1984,382768.295,500346.1473,2.63
23286,20260630,17167.68772566801,259707.602,121306.1984,382768.295,500346.1473,2.66
23286,20260702,17548.62656038799,259707.602,121306.1984,382768.295,500346.1473,2.74
23286,20260703,17878.774680722,259707.602,121306.1984,382768.295,500346.1473,2.7
23286,20260706,18158.130875695,259707.602,121306.1984,382768.295,500346.1473,2.69
23286,20260707,17472.439277834008,259707.602,121306.1984,382768.295,500346.1473,2.82
23286,20260708,17853.37932352901,259707.602,121306.1984,382768.295,500346.1473,2.81
23286,20260709,17066.10266397099,259707.602,121306.1984,382768.295,500346.1473,2.8
23286,20260710,17243.875008222,259707.602,121306.1984,382768.295,500346.1473,2.75
23286,20260713,17624.815053917002,259707.602,121306.1984,382768.295,500346.1473,2.75
23286,20260714,17980.358531443995,259707.602,121306.1984,382768.295,500346.1473,2.78
23286,20260715,18208.922801056004,259707.602,121306.1984,382768.295,500346.1473,2.86
23286,20260716,18615.258203943995,259707.602,121306.1984,382768.295,500346.1473,2.8
23286,20260717,18437.48707066801,259707.602,121306.1984,382768.295,500346.1473,2.83
23286,20260720,18716.842054665995,259707.602,121306.1984,382768.295,500346.1473,2.84
23286,20260721,18539.070921390008,259707.602,121306.1984,382768.295,500346.1473,2.83
23286,20260722,18488.27899602901,259707.602,121306.1984,382768.295,500346.1473,2.8
23286,20260723,18970.801681470988,259707.602,121306.1984,382768.295,500346.1473,2.84
23286,20260724,17777.19083,259707.602,121306.1984,382768.295,500346.1473,2.8
23286,20260727,18285.110083609998,259707.602,121306.1984,382768.295,500346.1473,2.75
23286,20260728,18183.526232887994,259707.602,121306.1984,382768.295,500346.1473,2.81
23286,20260729,18615.258203943995,259707.602,121306.1984,382768.295,500346.1473,2.89
23286,20260730,18259.714726417005,259707.602,121306.1984,382768.295,500346.1473,2.94
23286,20260731,18107.338950334008,259707.602,121306.1984,382768.295,500346.1473,2.83
23286,20260803,17802.587398168012,259707.602,121306.1984,382768.295,500346.1473,2.85
23286,20260804,17650.210411109994,259707.602,121306.1984,382768.295,500346.1473,2.85
23286,20260805,18412.0905025,259707.602,121306.1984,382768.295,500346.1473,2.9
23286,20260806,18120.03723441801,259707.602,121306.1984,382768.295,500346.1473,2.9
23286,20260807,18640.654772112008,259707.602,121306.1984,382768.295,500346.1473,2.9
23286,20260810,18742.238622834007,259707.602,121306.1984,382768.295,500346.1473,2.88
23286,20260811,18602.559919859992,259707.602,121306.1984,382768.295,500346.1473,2.88
23286,20260812,20392.976802553985,259707.602,121306.1984,382768.295,500346.1473,2.91
23286,20260813,19300.949801805,259707.602,121306.1984,382768.295,500346.1473,2.91
23286,20260814,19237.45959235999,259707.602,121306.1984,382768.295,500346.1473,2.9
23286,20260817,19046.990175,259707.602,121306.1984,382768.295,500346.1473,2.87
23286,20260818,19618.399638055,259707.602,121306.1984,382768.295,500346.1473,2.87
23286,20260819,19402.533652526992,259707.602,121306.1984,382768.295,500346.1473,2.86
23286,20260820,19885.057548944,259707.602,121306.1984,382768.295,500346.1473,2.9
23286,20260821,20062.829893195005,259707.602,121306.1984,382768.295,500346.1473,2.9
23286,20260824,19948.547758389,259707.602,121306.1984,382768.295,500346.1473,2.9
23286,20260825,20050.131609111,270471.218,116419.417,388902.347,513581.0275,2.87
23286,20260826,20126.32010264001,270471.218,116419.417,388902.347,513581.0275,2.94
23286,20260827,19364.44001125,270471.218,116419.417,388902.347,513581.0275,2.89
23286,20260828,19288.25151772099,270471.218,116419.417,388902.347,513581.0275,2.93
23286,20260831,15897.888380668011,270471.218,116419.417,388902.347,513581.0275,2.94
23286,20260901,15453.458125528,270471.218,116419.417,388902.347,513581.0275,2.94
23286,20260902,14856.652094304996,270471.218,116419.417,388902.347,513581.0275,2.96
23286,20260903,15237.59214,270471.218,116419.417,388902.347,513581.0275,2.93
23286,20260904,15555.04197625,270471.218,116419.417,388902.347,513581.0275,2.88
23286,20260907,15097.914648001008,270471.218,116419.417,388902.347,513581.0275,2.98
23286,20260908,15262.98870816801,270471.218,116419.417,388902.347,513581.0275,2.97
23286,20260909,14805.860168943997,270471.218,116419.417,388902.347,513581.0275,2.94
23286,20260910,14805.860168943997,270471.218,116419.417,388902.347,513581.0275,2.92
23286,20260911,14412.223050140008,270471.218,116419.417,388902.347,513581.0275,2.97
23286,20260914,14221.752421804997,270471.218,116419.417,388902.347,513581.0275,2.98
23286,20260915,14056.678361637993,270471.218,116419.417,388902.347,513581.0275,3.03
23286,20260916,15009.027870387992,270471.218,116419.417,388902.347,513581.0275,3.0
23286,20260917,14361.43112477901,270471.218,116419.417,388902.347,513581.0275,3.08
23286,20260918,14805.860168943997,270471.218,116419.417,388902.347,513581.0275,3.07
23286,20260921,15402.666200167005,270471.218,116419.417,388902.347,513581.0275,3.1
23286,20260922,15301.082349445003,270471.218,116419.417,388902.347,513581.0275,3.11
23286,20260923,15402.666200167005,270471.218,116419.417,388902.347,513581.0275,3.28
23286,20260924,15034.424438556003,270471.218,116419.417,388902.347,513581.0275,3.29
23286,20260925,14882.048662473007,270471.218,116419.417,388902.347,513581.0275,3.32
23286,20260928,15504.250050889,270471.218,116419.417,388902.347,513581.0275,3.3
23286,20260929,17015.31073860999,270471.218,116419.417,388902.347,513581.0275,3.26
23286,20260930,16507.391485,270471.218,116419.417,388902.347,513581.0275,3.16
23286,20261002,15834.398171223009,270471.218,116419.417,388902.347,513581.0275,3.22
