COMPANY_ID,REAL_DTD_DATE,DTD_VALUE
23286,20240102,0.0442847188552072
23286,20240103,0.0658898597176662
23286,20240104,0.0671004289333293
23286,20240105,0.0698417317444451
23286,20240108,0.0403542976760115
23286,20240109,-0.0380561624021712
23286,20240110,-0.0401244510827249
23286,20240111,0.0137352454870494
23286,20240112,-0.0162073483610783
23286,20240115,-0.0282582809499923
23286,20240116,-0.041167278618228
23286,20240117,-0.1181425539845013
23286,20240118,-0.1408505902619012
23286,20240119,-0.1817776336934937
23286,20240122,-0.2812776326911168
23286,20240123,-0.2434373020245354
23286,20240124,-0.1845717608431003
23286,20240125,-0.1240673183792886
23286,20240126,-0.1422171932032123
23286,20240129,-0.1691662900918689
23286,20240130,-0.2078071030586088
23286,20240131,-0.1983986585116944
23286,20240201,-0.195829015727996
23286,20240202,-0.1902332727571349
23286,20240205,-0.200096458855247
23286,20240206,-0.146014337664161
23286,20240207,-0.17312794932424
23286,20240208,-0.1498191758278755
23286,20240209,-0.2105834130969555
23286,20240214,-0.2336775819590744
23286,20240215,-0.2438139857833846
23286,20240216,-0.1504307186758151
23286,20240219,-0.1919905448507733
23286,20240220,-0.1788410210942484
23286,20240221,-0.1244661133829786
23286,20240222,-0.1135404647914632
23286,20240223,-0.1179073255161881
23286,20240226,-0.1342428166163573
23286,20240227,-0.130895208982424
23286,20240228,-0.1458760881191569
23286,20240229,-0.16083986842246
23286,20240301,-0.1278471918060783
23286,20240304,-0.1795567686081282
23286,20240305,-0.2264913673476378
23286,20240306,-0.1828616012245066
23286,20240307,-0.1962045690133746
23286,20240308,-0.1996284423426075
23286,20240311,-0.1689065138327625
23286,20240312,-0.0927460965549167
23286,20240313,-0.1194456054944277
23286,20240314,-0.0913811237358418
23286,20240315,-0.1156003493088425
23286,20240318,-0.1449863924223857
23286,20240319,-0.189482233780534
23286,20240320,-0.1904206111648823
23286,20240321,-0.1542610845582274
23286,20240322,-0.2575367016149656
23286,20240325,-0.2341480724594801
23286,20240326,-0.3038876916600864
23286,20240327,-0.3154255940966248
23286,20240328,-0.2881977309293403
23286,20240402,-0.2983777466660364
23286,20240403,-0.3044135764164614
23286,20240405,-0.3686069583008687
23286,20240408,-0.3504293488484407
23286,20240409,-0.3416189227362612
23286,20240410,-0.3358277942780855
23286,20240411,-0.3530324543113833
23286,20240412,-0.3999277970556975
23286,20240415,-0.4235027092392617
23286,20240416,-0.4405365738327447
23286,20240417,-0.4323700214255488
23286,20240418,-0.435792477133382
23286,20240419,-0.4517348998866767
23286,20240422,-0.4364872484723884
23286,20240423,-0.4278291040297742
23286,20240424,-0.4183993098050524
23286,20240425,-0.4013762195627345
23286,20240426,-0.3117659326187343
23286,20240429,-0.2292474602622872
23286,20240430,-0.185716417814256
23286,20240502,-0.1378640761874313
23286,20240503,-0.1302527454276918
23286,20240506,-0.1391553206689651
23286,20240507,-0.1096948882429144
23286,20240508,-0.175530724170466
23286,20240509,-0.1523776226844743
23286,20240510,-0.0947170731832213
23286,20240513,-0.0802909170042585
23286,20240514,-0.0975120190508159
23286,20240516,-0.0198120512902539
23286,20240517,0.0591981057813125
23286,20240520,0.0319607103546268
23286,20240521,0.0116732015248783
23286,20240522,-0.0041634133048208
23286,20240523,-0.0255214548059042
23286,20240524,-0.0844676216868348
23286,20240527,-0.0685369945677867
23286,20240528,-0.0946094796424609
23286,20240529,-0.0908684777196305
23286,20240530,-0.133354727344107
23286,20240531,-0.1351291145699382
23286,20240603,-0.1010486937184204
23286,20240604,-0.0394210814008843
23286,20240605,-0.0933411962159795
23286,20240606,-0.1017510918387514
23286,20240607,-0.065217857960364
23286,20240611,-0.0806861535501115
23286,20240612,-0.1108074788065647
23286,20240613,-0.1216205357046192
23286,20240614,-0.1071860470851409
23286,20240617,-0.1493887901211017
23286,20240618,-0.1785668637486577
23286,20240619,-0.2228595132553367
23286,20240620,-0.251582566524562
23286,20240621,-0.2691038785342773
23286,20240624,-0.2786504471045306
23286,20240625,-0.2924257613969985
23286,20240626,-0.2906393401643333
23286,20240627,-0.3212379290273531
23286,20240628,-0.3207118979579724
23286,20240702,-0.2977940248946115
23286,20240703,-0.2489692911237115
23286,20240704,-0.2747563432955011
23286,20240705,-0.3007767358797577
23286,20240708,-0.3156728707417414
23286,20240709,-0.3167871560227342
23286,20240710,-0.3289882222394603
23286,20240711,-0.2959006144275115
23286,20240712,-0.2463988990300926
23286,20240715,-0.2697729737611957
23286,20240716,-0.2633710843656792
23286,20240717,-0.2276948593438787
23286,20240718,-0.2214857427739581
23286,20240719,-0.2621726647028524
23286,20240722,-0.2690648509088929
23286,20240723,-0.2906011381337482
23286,20240724,-0.3219992949411809
23286,20240725,-0.3367392481226897
23286,20240726,-0.3296495436184141
23286,20240729,-0.3479321322172323
23286,20240730,-0.3511069299673224
23286,20240731,-0.3139815965197414
23286,20240801,-0.3386877653877617
23286,20240802,-0.3245611880457365
23286,20240805,-0.3126651188620764
23286,20240806,-0.3039108120958506
23286,20240807,-0.2808345232724586
23286,20240808,-0.258974858817918
23286,20240809,-0.221387595824143
23286,20240812,-0.2375643423130356
23286,20240813,-0.2490011534979468
23286,20240814,-0.2525769585348101
23286,20240815,-0.2491195118614441
23286,20240816,-0.2529362577764408
23286,20240819,-0.2470403568562161
23286,20240820,-0.2714674393040927
23286,20240821,-0.2776117243786726
23286,20240822,-0.2841258383041208
23286,20240823,-0.3285853505098003
23286,20240826,-0.2935505162401636
23286,20240827,-0.2887981941583121
23286,20240828,-0.2962010757066821
23286,20240829,-0.279998699654506
23286,20240830,-0.1263711195604533
23286,20240902,-0.1534052030479782
23286,20240903,-0.1002213988101754
23286,20240904,-0.0998802997918729
23286,20240905,-0.0491138635952058
23286,20240909,-0.1059879302314341
23286,20240910,-0.146478455265993
23286,20240911,-0.1296377500147545
23286,20240912,-0.1273054189988137
23286,20240913,-0.1084311548026244
23286,20240916,-0.1196541993960889
23286,20240917,
23286,20240919,-0.0558988514464038
23286,20240920,-0.0137837025706486
23286,20240923,-0.0223547996803177
23286,20240924,0.0024862787513789
23286,20240925,0.0030123921679247
23286,20240926,0.1593921337525482
23286,20240927,0.315074472116662
23286,20240930,
23286,20241002,0.4885676236939183
23286,20241003,0.3677743214561337
23286,20241004,0.4033030168391083
23286,20241007,0.3916076235675555
23286,20241008,0.1962083980001322
23286,20241009,0.1427962816573672
23286,20241010,
23286,20241014,0.2493063190887267
23286,20241015,0.2322716676013743
23286,20241016,0.2846048933791441
23286,20241017,0.2010646794986858
23286,20241018,0.2329231085873039
23286,20241021,0.253082684691482
23286,20241022,0.263844909299075
23286,20241023,0.2823352324520981
23286,20241024,0.265609200100988
23286,20241025,0.2936233649719257
23286,20241028,0.3659153062368872
23286,20241029,0.3492836499249517
23286,20241030,0.3483060623391714
23286,20241031,0.363313703859189
23286,20241101,0.4006886519598627
23286,20241104,0.4005433182664361
23286,20241105,0.4053101076299338
23286,20241106,0.3728365669817368
23286,20241107,0.4225199513316904
23286,20241108,0.3634071492554908
23286,20241111,0.3345956542375202
23286,20241112,0.2878224084048509
23286,20241113,0.2678102354196001
23286,20241114,0.2496322576086068
23286,20241115,0.2447915795611578
23286,20241118,0.2437085705999674
23286,20241119,0.2740137810267323
23286,20241120,0.2640641682621967
23286,20241121,0.2410530652293872
23286,20241122,0.2025979590963773
23286,20241125,0.1787584605994056
23286,20241126,0.1893775498862156
23286,20241127,0.2099178834111768
23286,20241128,0.2047778487022958
23286,20241129,0.2473665885655592
23286,20241202,0.2782240682474435
23286,20241203,0.2656766450515193
23286,20241204,0.2559082656354109
23286,20241205,0.2341487968806387
23286,20241206,0.2723291189791656
23286,20241209,0.3439399410814827
23286,20241210,0.2853142574649815
23286,20241211,0.2855504802631549
23286,20241212,0.3271800456322704
23286,20241213,0.2710135059360702
23286,20241216,0.2356446448636013
23286,20241217,0.2109874932788802
23286,20241218,0.230295491569254
23286,20241219,0.2046810535287045
23286,20241220,0.1978467874144235
23286,20241223,0.2025332308063821
23286,20241224,
23286,20241227,0.2217161705289424
23286,20241230,0.20159714187186
23286,20241231,
23286,20250102,0.2569601956293664
23286,20250103,0.2558596367057606
23286,20250106,0.2001181277839803
23286,20250107,0.186631517863299
23286,20250108,0.1288288411902727
23286,20250109,0.1559113877622181
23286,20250110,0.1244490264590451
23286,20250113,0.1491399679157454
23286,20250114,0.1658972669679291
23286,20250115,0.1664018730554145
23286,20250116,0.1749242313495213
23286,20250117,0.201843490934281
23286,20250120,0.1714120402936934
23286,20250121,0.2237299823438884
23286,20250122,0.1865033480491223
23286,20250123,0.1664394486215116
23286,20250124,0.1722036806379135
23286,20250127,0.1693512122917415
23286,20250128,
23286,20250203,0.1536857433039918
23286,20250204,0.1337844178299473
23286,20250205,0.1438152840325144
23286,20250206,0.1551668891595116
23286,20250207,0.1997458142033518
23286,20250210,0.2449465760854458
23286,20250211,0.2158814501430284
23286,20250212,0.2692087058604351
23286,20250213,0.2735395111300314
23286,20250214,0.2884912208432056
23286,20250217,0.2924431008039023
23286,20250218,0.2748462479746343
23286,20250219,0.2746012318772339
23286,20250220,0.2553999219752987
23286,20250221,0.3304406001476065
23286,20250224,0.3887752987069367
23286,20250225,0.3996564929131701
23286,20250226,0.5255809430547903
23286,20250227,0.582326292386671
23286,20250228,0.4975364899189318
23286,20250303,0.530794572272005
23286,20250304,0.5455940227315604
23286,20250305,0.588531727124493
23286,20250306,0.6760836404000123
23286,20250307,0.5973100372681299
23286,20250310,0.5549383669262955
23286,20250311,0.5378621233438446
23286,20250312,0.5956031935684138
23286,20250313,0.5197692098041334
23286,20250314,0.6333053345574893
23286,20250317,0.6898804101043833
23286,20250318,0.6733166906938746
23286,20250319,0.6537743530515411
23286,20250320,0.6055202543384237
23286,20250321,0.5595440306646304
23286,20250324,0.560342018279832
23286,20250325,0.5638326753911176
23286,20250326,0.5613194720199328
23286,20250327,0.4201651010680913
23286,20250328,0.4387826072454898
23286,20250331,0.7821120622748463
23286,20250401,0.8188001954230393
23286,20250402,0.775240643337898
23286,20250403,
23286,20250407,0.596690133307354
23286,20250408,0.611361085034419
23286,20250409,0.6558036938506017
23286,20250410,0.6973267446414184
23286,20250411,0.7266750514619301
23286,20250414,0.7066690456036445
23286,20250415,0.6561024326024464
23286,20250416,0.6795891437701517
23286,20250417,
23286,20250422,0.7498637852326424
23286,20250423,0.7046067214083724
23286,20250424,0.7121374435061213
23286,20250425,0.6919679689727696
23286,20250428,0.6544656130533572
23286,20250429,0.6539955340988101
23286,20250430,
23286,20250502,
23286,20250506,0.6136422178404585
23286,20250507,0.6582258314883253
23286,20250508,0.7130437137771849
23286,20250509,0.6860813320289078
23286,20250512,0.777560319041198
23286,20250513,0.8067574799192604
23286,20250514,0.8177145343519818
23286,20250515,0.8146023831755851
23286,20250516,0.8013490133632037
23286,20250519,0.8009862147968487
23286,20250520,0.7948110146626299
23286,20250521,0.7993082605253344
23286,20250522,0.794551707972822
23286,20250523,0.7972071675016916
23286,20250526,0.7817931642309766
23286,20250527,0.7757889534912475
23286,20250528,0.7804272289897874
23286,20250529,0.8126471295743081
23286,20250530,0.8187416628394583
23286,20250602,0.7994483664618643
23286,20250603,0.7961739084165188
23286,20250604,0.7601319403083453
23286,20250605,0.7727909794985452
23286,20250606,0.7886659830348602
23286,20250609,0.7961921628442259
23286,20250610,0.82468099977023
23286,20250611,0.8559182277853107
23286,20250612,0.8258303805020282
23286,20250613,0.8792001298912403
23286,20250616,0.9049004138666203
23286,20250617,0.8749642437327344
23286,20250618,0.8496205491686579
23286,20250619,0.808587069211702
23286,20250620,0.8196328497071802
23286,20250623,0.8482957885901723
23286,20250624,0.8813416089450791
23286,20250625,0.8850628773245396
23286,20250626,0.9039973098793156
23286,20250627,0.8764415201127521
23286,20250630,
23286,20250702,0.8394576465005305
23286,20250703,0.8508226979227045
23286,20250704,0.8345242509661187
23286,20250707,0.8670315272688306
23286,20250708,0.8905993457302539
23286,20250709,0.8758639256226237
23286,20250710,0.9608985867241696
23286,20250711,0.9223426988370926
23286,20250714,0.9207437984040928
23286,20250715,0.8924802024740804
23286,20250716,0.8561343556376292
23286,20250717,0.8578187881842873
23286,20250718,0.8683836746925371
23286,20250721,0.906612832789109
23286,20250722,0.9400369554556408
23286,20250723,0.9664253809043502
23286,20250724,0.986386239270712
23286,20250725,1.0082086383063211
23286,20250728,0.9982889157777208
23286,20250729,1.0042686901330768
23286,20250730,0.9695053030887943
23286,20250731,0.8679010972538098
23286,20250801,0.8733509772270205
23286,20250804,0.9019465906671283
23286,20250805,0.9072232989608732
23286,20250806,0.90603560759455
23286,20250807,0.9169394932663022
23286,20250808,0.9111886742342944
23286,20250811,0.9203704775765708
23286,20250812,0.968697275247743
23286,20250813,0.9903724161858816
23286,20250814,1.00716319208131
23286,20250815,1.033361154094758
23286,20250818,1.0093728267998097
23286,20250819,0.9758967581286292
23286,20250820,0.9475923084637148
23286,20250821,0.957459561437703
23286,20250822,0.6618122908031905
23286,20250825,0.6633623295132084
23286,20250826,0.5903079298799359
23286,20250827,0.5361366674625573
23286,20250828,0.4926184029531791
23286,20250829,0.5757247107775532
23286,20250901,0.5686397531970274
23286,20250902,0.5425573640633695
23286,20250903,0.5073785739175656
23286,20250904,0.4942836952393185
23286,20250905,0.5147762645524788
23286,20250908,0.5211680510074015
23286,20250909,0.548904111798417
23286,20250910,0.5720763875092245
23286,20250911,0.5688811383396315
23286,20250912,0.5869760717073249
23286,20250915,0.5808774078688754
23286,20250916,0.5813588606135945
23286,20250917,0.6090950033001659
23286,20250918,0.5801577441636817
23286,20250919,0.5730279126742528
23286,20250922,0.5654587218367321
23286,20250923,0.5280823067285499
23286,20250924,0.535933848496392
23286,20250925,0.5172178477224599
23286,20250926,0.5102727994417452
23286,20250929,0.5072220790070876
23286,20250930,
23286,20251002,0.5411494309335454
23286,20251003,0.501569935913691
23286,20251006,
23286,20251008,0.4854343742275428
23286,20251009,0.5154695802265356
23286,20251010,0.5297464004015562
23286,20251013,0.5128736389551792
23286,20251014,0.4978775531571918
23286,20251015,0.5176370651067052
23286,20251016,0.5026182499323163
23286,20251017,0.4684205126771793
23286,20251020,0.5115777075559726
23286,20251021,0.5181243032021485
23286,20251022,0.5484216804052628
23286,20251023,0.5126538217837388
23286,20251024,0.5197729670078337
23286,20251027,0.5111307820419674
23286,20251028,
23286,20251030,0.4365663110296895
23286,20251031,0.4349360122198538
23286,20251103,0.438854669757406
23286,20251104,0.4529633054557602
23286,20251105,0.4488270547211287
23286,20251106,0.4450572963417323
23286,20251107,0.4448515638675153
23286,20251110,0.5367870041531603
23286,20251111,0.5320674296978993
23286,20251112,0.5330653152871562
23286,20251113,0.5795840057454178
23286,20251114,0.5701749255982699
23286,20251117,0.5758231964284347
23286,20251118,0.5393894803784505
23286,20251119,0.5518151761139768
23286,20251120,0.5827284549334593
23286,20251121,0.590191647694618
23286,20251124,0.5714062201258137
23286,20251125,0.5631520135377519
23286,20251126,0.5365794378302381
23286,20251127,0.555222787286742
23286,20251128,0.5430684421614583
23286,20251201,0.5740022859261739
23286,20251202,0.5831982269250406
23286,20251203,0.584635367607209
23286,20251204,0.5637393831329873
23286,20251205,0.5838256142814814
23286,20251208,0.5531982098209448
23286,20251209,0.4925610803889541
23286,20251210,0.5188131514605309
23286,20251211,0.5124345894583923
23286,20251212,0.534889117065175
23286,20251215,0.5338382718565389
23286,20251216,0.5250886869287565
23286,20251217,0.4986147984590598
23286,20251218,0.5073457093325564
23286,20251219,0.4995413950347585
23286,20251222,0.5072288616966194
23286,20251223,0.4997457932219117
23286,20251224,
23286,20251229,0.4957606414330167
23286,20251230,0.4964693145255003
23286,20251231,
23286,20260102,0.5375897723318561
23286,20260105,0.6094288724137854
23286,20260106,0.604846045048598
23286,20260107,0.6092004120339582
23286,20260108,0.6188936905221569
23286,20260109,0.6036611416148052
23286,20260112,0.574511541699111
23286,20260113,0.5753001570202838
23286,20260114,0.5936185591973995
23286,20260115,0.6135989374722122
23286,20260116,0.5930434521700192
23286,20260119,0.6098207952691543
23286,20260120,0.6710605043053774
23286,20260121,0.6905165448618031
23286,20260122,0.7310814301255526
23286,20260123,0.7418823219401266
23286,20260126,0.7405512016191582
23286,20260127,0.7628896723948433
23286,20260128,0.8738355401613921
23286,20260129,0.9545015120089289
23286,20260130,0.9328116330994004
23286,20260202,0.84356597089008
23286,20260203,0.904707939784937
23286,20260204,0.9699066969559936
23286,20260205,0.9205170645844296
23286,20260206,0.9372214446609552
23286,20260209,0.9271543867968344
23286,20260210,0.9239974488022392
23286,20260211,0.963865526469976
23286,20260212,0.9805099230640204
23286,20260213,0.9465047850461732
23286,20260216,
23286,20260220,0.9215617359140846
23286,20260223,0.9071778283284172
23286,20260224,0.9045365213530894
23286,20260225,0.9216593282857845
23286,20260226,0.8548592697949385
23286,20260227,0.8371872529824597
23286,20260302,0.7895241448263272
23286,20260303,0.7964087229851551
23286,20260304,0.774141616908991
23286,20260305,0.7844451838260665
23286,20260306,0.8205592495817493
23286,20260309,0.8115272518471253
23286,20260310,0.8334455449714028
23286,20260311,0.8699616330811163
23286,20260312,0.8888656420818324
23286,20260313,0.8889340776135831
23286,20260316,0.942976610209288
23286,20260317,0.9535378928682264
23286,20260318,0.9006855666586141
23286,20260319,0.8339017355696483
23286,20260320,0.8080062632256889
23286,20260323,0.7474904906217682
23286,20260324,0.7626559571099761
23286,20260325,0.763861278049883
23286,20260326,0.7291148508070763
23286,20260327,0.7380298471253156
23286,20260330,0.7316498347949272
23286,20260331,0.8726005325439583
23286,20260401,0.8542433905797516
23286,20260402,
23286,20260408,1.0575131056365403
23286,20260409,0.9805062330262976
23286,20260410,0.979788268852121
23286,20260413,1.0224130523707509
23286,20260414,1.170856914841822
23286,20260415,1.1613693546250392
23286,20260416,1.142188939991092
23286,20260417,1.1368740121569274
23286,20260420,1.1644602583161292
23286,20260421,1.2163742339110244
23286,20260422,1.1887496576886187
23286,20260423,1.1329073610057638
23286,20260424,1.1044699209921582
23286,20260427,1.093381594145759
23286,20260428,1.0968054619995915
23286,20260429,1.1876348678425075
23286,20260430,
23286,20260504,1.197474620150271
23286,20260505,1.1842052217323964
23286,20260506,1.2513644244743805
23286,20260507,1.276660574259289
23286,20260508,1.3712331590758282
23286,20260511,1.3970295855683372
23286,20260512,1.391661782691043
23286,20260513,1.3432226546024832
23286,20260514,1.3600032240429445
23286,20260515,1.296226276342484
23286,20260518,1.2024347486504172
23286,20260519,
23286,20260520,1.1763703786412871
23286,20260521,1.0933093763694073
23286,20260522,
23286,20260526,1.057876754743036
23286,20260527,1.0262003999295377
23286,20260528,0.9678690181663424
23286,20260529,0.9863043532890684
23286,20260601,1.0254854027532991
23286,20260602,0.9818684252580032
23286,20260603,0.9979128825868556
23286,20260604,0.9702961094822152
23286,20260605,0.948537609807328
23286,20260608,0.9133942604008096
23286,20260609,0.8712030633963007
23286,20260610,0.9025576864272106
23286,20260611,0.882208717813992
23286,20260612,0.9010320055669644
23286,20260615,0.8772366529370859
23286,20260616,0.8000498962392482
23286,20260617,0.7816385826451546
23286,20260618,
23286,20260622,0.6242846417476404
23286,20260623,0.5876044039121334
23286,20260624,0.5242961900296103
23286,20260625,0.5215940600160489
23286,20260626,0.4903058780607188
23286,20260629,0.5680061667283998
23286,20260630,
23286,20260702,0.5646044061626807
23286,20260703,0.5981860528888537
23286,20260706,0.6215532013959814
23286,20260707,0.5375398209578935
23286,20260708,0.5684414032954198
23286,20260709,0.5080621341461832
23286,20260710,0.5320386231052313
23286,20260713,0.5617126768844344
23286,20260714,0.582870791619426
23286,20260715,0.5833352931055854
23286,20260716,0.6324263796206618
23286,20260717,0.6128597452205474
23286,20260720,0.6315173964162349
23286,20260721,0.6202616374616401
23286,20260722,0.6233726985985594
23286,20260723,0.6509180094475033
23286,20260724,0.5650572253535945
23286,20260727,0.6144011677031372
23286,20260728,0.5945578467309508
23286,20260729,0.6108238962284868
23286,20260730,0.5725968563071857
23286,20260731,0.5842091143073519
23286,20260803,0.5558958253876335
23286,20260804,0.5438403480986256
23286,20260805,0.5909338575614094
23286,20260806,0.5742318170620215
23286,20260807,0.6130064808722859
23286,20260810,0.6256975457501964
23286,20260811,0.6148701957736242
23286,20260812,0.7329538252611235
23286,20260813,0.6486999531617584
23286,20260814,0.645854190977771
23286,20260817,0.637829109140511
23286,20260818,0.6812071551289813
23286,20260819,0.6673847679795882
23286,20260820,0.6942837153578261
23286,20260821,0.7076943613922818
23286,20260824,0.6993314806562646
23286,20260825,0.6776459802345632
23286,20260826,0.6687448541492584
23286,20260827,0.6226972012658222
23286,20260828,1.0125272689356402
23286,20260831,0.5996024146820955
23286,20260901,0.5591265137301311
23286,20260902,0.4928039153285641
23286,20260903,0.5433044959524432
23286,20260904,0.5921132021789138
23286,20260907,0.5102165608540263
23286,20260908,0.5308756417328586
23286,20260909,0.4929258358835297
23286,20260910,0.4990840542285911
23286,20260911,0.440738932532899
23286,20260914,0.4169040677532641
23286,20260915,0.3837714373990907
