COMPANY_ID,REAL_DTD_DATE,DTD_SIGMA,DTD_WEIGHT
23286,20240102,0.0540296533592578,0.5218718629137603
23286,20240103,0.0533239836325901,0.5218718629137603
23286,20240104,0.0533536267877733,0.5218718629137603
23286,20240105,0.05324884187037,0.5218718629137603
23286,20240108,0.0532355014250079,0.5218718629137603
23286,20240109,0.0532313057563372,0.5218718629137603
23286,20240110,0.0532459235718699,0.5218718629137603
23286,20240111,0.0524148243868365,0.5218718629137603
23286,20240112,0.0524514748299475,0.5218718629137603
23286,20240115,0.0523667629978742,0.5218718629137603
23286,20240116,0.0523929238289167,0.5218718629137603
23286,20240117,0.0525570998236622,0.5218718629137603
23286,20240118,0.052529377473223,0.5218718629137603
23286,20240119,0.0525573674193062,0.5218718629137603
23286,20240122,0.0528904860842565,0.5218718629137603
23286,20240123,0.0529176752001059,0.5218718629137603
23286,20240124,0.0530672502160125,0.5218718629137603
23286,20240125,0.0532163757085275,0.5218718629137603
23286,20240126,0.0530555723038331,0.5218718629137603
23286,20240129,0.0531328683121065,0.5218718629137603
23286,20240130,0.0529413905227952,0.5218718629137603
23286,20240131,0.0529413905227952,0.5218718629137603
23286,20240201,0.0520919376117334,0.520293341631089
23286,20240202,0.0519954264509717,0.520293341631089
23286,20240205,0.0519689182768794,0.520293341631089
23286,20240206,0.0521191377448439,0.520293341631089
23286,20240207,0.0521487281405931,0.520293341631089
23286,20240208,0.0519980933837958,0.520293341631089
23286,20240209,0.0521534140038705,0.520293341631089
23286,20240214,0.0522183680821945,0.520293341631089
23286,20240215,0.0522649907640426,0.520293341631089
23286,20240216,0.0525411005624244,0.520293341631089
23286,20240219,0.0526435902037307,0.520293341631089
23286,20240220,0.0526813171237269,0.520293341631089
23286,20240221,0.0527470952632331,0.520293341631089
23286,20240222,0.0526818603303741,0.520293341631089
23286,20240223,0.0526839231356014,0.520293341631089
23286,20240226,0.0527122120421673,0.520293341631089
23286,20240227,0.0527525301562622,0.520293341631089
23286,20240228,0.05281008373274,0.520293341631089
23286,20240229,0.0528225733723974,0.520293341631089
23286,20240301,0.0529500449285535,0.5193586148073145
23286,20240304,0.0530294281899346,0.5193586148073145
23286,20240305,0.0531260809045747,0.5193586148073145
23286,20240306,0.0528155819535944,0.5193586148073145
23286,20240307,0.0527878151406554,0.5193586148073145
23286,20240308,0.0527297059385353,0.5193586148073145
23286,20240311,0.0528150608608778,0.5193586148073145
23286,20240312,0.0528876757307764,0.5193586148073145
23286,20240313,0.0525196010810025,0.5193586148073145
23286,20240314,0.0525509999445871,0.5193586148073145
23286,20240315,0.0525573615722103,0.5193586148073145
23286,20240318,0.0526426046290359,0.5193586148073145
23286,20240319,0.052753383175153,0.5193586148073145
23286,20240320,0.0523984895497636,0.5193586148073145
23286,20240321,0.0523992650038373,0.5193586148073145
23286,20240322,0.0762018274094338,0.5193586148073145
23286,20240325,0.0761119209576871,0.5193586148073145
23286,20240326,0.0763664730163068,0.5193586148073145
23286,20240327,0.0759599100155833,0.5193586148073145
23286,20240328,0.0760501848778244,0.5193586148073145
23286,20240402,0.0761092212535105,0.5181268215790376
23286,20240403,0.0753054772905303,0.5181268215790376
23286,20240405,0.0748876402387592,0.5181268215790376
23286,20240408,0.0749843985377477,0.5181268215790376
23286,20240409,0.0749843985377477,0.5181268215790376
23286,20240410,0.0750466405926523,0.5181268215790376
23286,20240411,0.0750653707995897,0.5181268215790376
23286,20240412,0.0751981619870293,0.5181268215790376
23286,20240415,0.0752648193250287,0.5181268215790376
23286,20240416,0.0748787535160351,0.5181268215790376
23286,20240417,0.0749636222123855,0.5181268215790376
23286,20240418,0.0750415798786377,0.5181268215790376
23286,20240419,0.0750467770021666,0.5181268215790376
23286,20240422,0.0752189899272972,0.5181268215790376
23286,20240423,0.0752537565232544,0.5181268215790376
23286,20240424,0.0752386789157772,0.5181268215790376
23286,20240425,0.0752386789157772,0.5181268215790376
23286,20240426,0.0756858437320842,0.5181268215790376
23286,20240429,0.0759287188252435,0.5181268215790376
23286,20240430,0.0760668465862164,0.5181268215790376
23286,20240502,0.0761110256708156,0.5163203191228861
23286,20240503,0.0761307311400682,0.5163203191228861
23286,20240506,0.0761020443428415,0.5163203191228861
23286,20240507,0.0761903440265679,0.5163203191228861
23286,20240508,0.0764424049050553,0.5163203191228861
23286,20240509,0.0764623678641728,0.5163203191228861
23286,20240510,0.0766069541269585,0.5163203191228861
23286,20240513,0.0766410019901786,0.5163203191228861
23286,20240514,0.0766859458119735,0.5163203191228861
23286,20240516,0.0768144810268278,0.5163203191228861
23286,20240517,0.0772176679672143,0.5163203191228861
23286,20240520,0.0772693043493567,0.5163203191228861
23286,20240521,0.0772161953916424,0.5163203191228861
23286,20240522,0.0771586622988404,0.5163203191228861
23286,20240523,0.0770658348881163,0.5163203191228861
23286,20240524,0.0771492801405804,0.5163203191228861
23286,20240527,0.0770707032753553,0.5163203191228861
23286,20240528,0.0770427378075463,0.5163203191228861
23286,20240529,0.077020404228981,0.5163203191228861
23286,20240530,0.0770440161242788,0.5163203191228861
23286,20240531,0.0769013441733603,0.5163203191228861
23286,20240603,0.0768991262960457,0.5187023630119
23286,20240604,0.0771149421531053,0.5187023630119
23286,20240605,0.077256615501741,0.5187023630119
23286,20240606,0.0772544558618603,0.5187023630119
23286,20240607,0.0769080075251978,0.5187023630119
23286,20240611,0.0769146894657919,0.5187023630119
23286,20240612,0.0769146894657919,0.5187023630119
23286,20240613,0.0768875587636949,0.5187023630119
23286,20240614,0.0769136804318748,0.5187023630119
23286,20240617,0.0769861633619767,0.5187023630119
23286,20240618,0.0770436872746242,0.5187023630119
23286,20240619,0.0771517539012024,0.5187023630119
23286,20240620,0.0771528455967512,0.5187023630119
23286,20240621,0.0771611506115535,0.5187023630119
23286,20240624,0.0772203648956458,0.5187023630119
23286,20240625,0.0772320242924879,0.5187023630119
23286,20240626,0.0767370000227875,0.5187023630119
23286,20240627,0.0768105436750783,0.5187023630119
23286,20240628,0.0766814306801963,0.5187023630119
23286,20240702,0.076736751642038,0.5148362209592391
23286,20240703,0.0767418086329805,0.5148362209592391
23286,20240704,0.0767901820859862,0.5148362209592391
23286,20240705,0.0768283765955113,0.5148362209592391
23286,20240708,0.0768553729774084,0.5148362209592391
23286,20240709,0.0768755286921937,0.5148362209592391
23286,20240710,0.0769086673710645,0.5148362209592391
23286,20240711,0.0769901379457062,0.5148362209592391
23286,20240712,0.0771048062281301,0.5148362209592391
23286,20240715,0.0771409265531991,0.5148362209592391
23286,20240716,0.0771286940491978,0.5148362209592391
23286,20240717,0.0772165094206138,0.5148362209592391
23286,20240718,0.077228625120271,0.5148362209592391
23286,20240719,0.0772955355582425,0.5148362209592391
23286,20240722,0.0773118559677473,0.5148362209592391
23286,20240723,0.0771995060714583,0.5148362209592391
23286,20240724,0.0772675184632511,0.5148362209592391
23286,20240725,0.0772675184632511,0.5148362209592391
23286,20240726,0.0772877493735133,0.5148362209592391
23286,20240729,0.0772939432712641,0.5148362209592391
23286,20240730,0.0764832325871572,0.5148362209592391
23286,20240731,0.0766279039644962,0.5148362209592391
23286,20240801,0.0766524998840024,0.5214844792354834
23286,20240802,0.0766591379348906,0.5214844792354834
23286,20240805,0.0767279320677229,0.5214844792354834
23286,20240806,0.0767683905882088,0.5214844792354834
23286,20240807,0.0768535318955697,0.5214844792354834
23286,20240808,0.0768776041809155,0.5214844792354834
23286,20240809,0.077008908718333,0.5214844792354834
23286,20240812,0.0769094426090035,0.5214844792354834
23286,20240813,0.0768972689930989,0.5214844792354834
23286,20240814,0.0768163253724037,0.5214844792354834
23286,20240815,0.0768150083974791,0.5214844792354834
23286,20240816,0.0768468329029851,0.5214844792354834
23286,20240819,0.0767645615167152,0.5214844792354834
23286,20240820,0.076796641096928,0.5214844792354834
23286,20240821,0.0768250844699439,0.5214844792354834
23286,20240822,0.0768250844699439,0.5214844792354834
23286,20240823,0.0816465094866968,0.5214844792354834
23286,20240826,0.0817375164041674,0.5214844792354834
23286,20240827,0.0817409732405432,0.5214844792354834
23286,20240828,0.0817632830284302,0.5214844792354834
23286,20240829,0.081684795717785,0.5214844792354834
23286,20240830,0.0630069404705261,0.5214844792354834
23286,20240902,0.0629149483648281,0.5196659494528663
23286,20240903,0.0620416453606119,0.5196659494528663
23286,20240904,0.0619913545800565,0.5196659494528663
23286,20240905,0.0620335674937492,0.5196659494528663
23286,20240909,0.0619862421966828,0.5196659494528663
23286,20240910,0.0619722233382697,0.5196659494528663
23286,20240911,0.0619566785313981,0.5196659494528663
23286,20240912,0.0618159260897322,0.5196659494528663
23286,20240913,0.0617528224780801,0.5196659494528663
23286,20240916,0.0617431285551862,0.5196659494528663
23286,20240917,0.0617539036824464,0.5196659494528663
23286,20240919,0.0619887842953413,0.5196659494528663
23286,20240920,0.0620197441016142,0.5196659494528663
23286,20240923,0.0619651798848673,0.5196659494528663
23286,20240924,0.0620030777101089,0.5196659494528663
23286,20240925,0.062002934611264,0.5196659494528663
23286,20240926,0.0634318037087867,0.5196659494528663
23286,20240927,0.0648803150711516,0.5196659494528663
23286,20240930,0.0646018395609378,0.5196659494528663
23286,20241002,0.066073880029538,0.5171017714294407
23286,20241003,0.0668372569983339,0.5171017714294407
23286,20241004,0.0668770342439894,0.5171017714294407
23286,20241007,0.0668480777540737,0.5171017714294407
23286,20241008,0.0687172686037526,0.5171017714294407
23286,20241009,0.0688869195223024,0.5171017714294407
23286,20241010,0.0690045510177441,0.5171017714294407
23286,20241014,0.0692358096593039,0.5171017714294407
23286,20241015,0.0692429230154138,0.5171017714294407
23286,20241016,0.0692828568182705,0.5171017714294407
23286,20241017,0.0696046739075111,0.5171017714294407
23286,20241018,0.0696275376535142,0.5171017714294407
23286,20241021,0.0695511975856649,0.5171017714294407
23286,20241022,0.0695202780810663,0.5171017714294407
23286,20241023,0.0695027581188746,0.5171017714294407
23286,20241024,0.069455777803569,0.5171017714294407
23286,20241025,0.0694458038045265,0.5171017714294407
23286,20241028,0.06975289816513,0.5171017714294407
23286,20241029,0.0697318874816111,0.5171017714294407
23286,20241030,0.0696552537015421,0.5171017714294407
23286,20241031,0.069575059735571,0.5171017714294407
23286,20241101,0.0695714002051757,0.5159006507569677
23286,20241104,0.0695084526222382,0.5159006507569677
23286,20241105,0.0693886573983143,0.5159006507569677
23286,20241106,0.0694210730467046,0.5159006507569677
23286,20241107,0.0695248231445308,0.5159006507569677
23286,20241108,0.0696983569074158,0.5159006507569677
23286,20241111,0.0694297097434688,0.5159006507569677
23286,20241112,0.0695042798696829,0.5159006507569677
23286,20241113,0.0694441982010119,0.5159006507569677
23286,20241114,0.0693751390448609,0.5159006507569677
23286,20241115,0.0692162968516966,0.5159006507569677
23286,20241118,0.0691882802543262,0.5159006507569677
23286,20241119,0.0691458832732389,0.5159006507569677
23286,20241120,0.0690446464981842,0.5159006507569677
23286,20241121,0.0690113441670944,0.5159006507569677
23286,20241122,0.0690843963292312,0.5159006507569677
23286,20241125,0.0691138455323775,0.5159006507569677
23286,20241126,0.0690348329780669,0.5159006507569677
23286,20241127,0.0690379721433855,0.5159006507569677
23286,20241128,0.0690107652149182,0.5159006507569677
23286,20241129,0.0690028394912369,0.5159006507569677
23286,20241202,0.0690003298187575,0.514860863386096
23286,20241203,0.0689964559810484,0.514860863386096
23286,20241204,0.0689942613523933,0.514860863386096
23286,20241205,0.0687924881232056,0.514860863386096
23286,20241206,0.0688134756095845,0.514860863386096
23286,20241209,0.0691805679328025,0.514860863386096
23286,20241210,0.06937815591014,0.514860863386096
23286,20241211,0.0692571378798972,0.514860863386096
23286,20241212,0.0693031451351071,0.514860863386096
23286,20241213,0.0694145788407161,0.514860863386096
23286,20241216,0.0693596856483508,0.514860863386096
23286,20241217,0.0692794219239181,0.514860863386096
23286,20241218,0.0691754734872398,0.514860863386096
23286,20241219,0.0689240965979843,0.514860863386096
23286,20241220,0.0687557012181736,0.514860863386096
23286,20241223,0.0683864572988252,0.514860863386096
23286,20241224,0.0683205900003635,0.514860863386096
23286,20241227,0.0681861511259686,0.514860863386096
23286,20241230,0.0681806264423266,0.514860863386096
23286,20241231,0.0681909221590248,0.514860863386096
23286,20250102,0.0682217277849994,0.5093810177504803
23286,20250103,0.067917490265086,0.5093810177504803
23286,20250106,0.0680578995205188,0.5093810177504803
23286,20250107,0.0680519518586992,0.5093810177504803
23286,20250108,0.068192868309872,0.5093810177504803
23286,20250109,0.0682289168752878,0.5093810177504803
23286,20250110,0.0682773930013535,0.5093810177504803
23286,20250113,0.0682596162174377,0.5093810177504803
23286,20250114,0.0679997391374559,0.5093810177504803
23286,20250115,0.0679750953817536,0.5093810177504803
23286,20250116,0.0678645578784269,0.5093810177504803
23286,20250117,0.0678405289238392,0.5093810177504803
23286,20250120,0.0678666550149723,0.5093810177504803
23286,20250121,0.068008831704106,0.5093810177504803
23286,20250122,0.0678585425594896,0.5093810177504803
23286,20250123,0.0678204100300323,0.5093810177504803
23286,20250124,0.0677177067691736,0.5093810177504803
23286,20250127,0.0673334214208394,0.5093810177504803
23286,20250128,0.0672488089341908,0.5093810177504803
23286,20250203,0.0670659596130466,0.5047278794750354
23286,20250204,0.0669301368486665,0.5047278794750354
23286,20250205,0.0669248128799518,0.5047278794750354
23286,20250206,0.0669225144388618,0.5047278794750354
23286,20250207,0.0669203210001109,0.5047278794750354
23286,20250210,0.0669166770513892,0.5047278794750354
23286,20250211,0.0669140048551752,0.5047278794750354
23286,20250212,0.0670093818387387,0.5047278794750354
23286,20250213,0.0669512257337533,0.5047278794750354
23286,20250214,0.0668127311908629,0.5047278794750354
23286,20250217,0.0667282743724751,0.5047278794750354
23286,20250218,0.0666900347964725,0.5047278794750354
23286,20250219,0.0665069153698565,0.5047278794750354
23286,20250220,0.0664550770691593,0.5047278794750354
23286,20250221,0.066725853615321,0.5047278794750354
23286,20250224,0.0665561717946645,0.5047278794750354
23286,20250225,0.0664327677852272,0.5047278794750354
23286,20250226,0.0674987413878642,0.5047278794750354
23286,20250227,0.0675255499248227,0.5047278794750354
23286,20250228,0.0678905837719154,0.5047278794750354
23286,20250303,0.0679005490925118,0.4994460251721314
23286,20250304,0.0678210347492028,0.4994460251721314
23286,20250305,0.0678545145383822,0.4994460251721314
23286,20250306,0.0683295941477,0.4994460251721314
23286,20250307,0.0686348634753663,0.4994460251721314
23286,20250310,0.0686583304858665,0.4994460251721314
23286,20250311,0.0685069093270464,0.4994460251721314
23286,20250312,0.0685463540658779,0.4994460251721314
23286,20250313,0.068773790099617,0.4994460251721314
23286,20250314,0.0697101223841099,0.4994460251721314
23286,20250317,0.0698124098488945,0.4994460251721314
23286,20250318,0.0697154183966319,0.4994460251721314
23286,20250319,0.0694737960472365,0.4994460251721314
23286,20250320,0.0695133111777933,0.4994460251721314
23286,20250321,0.0695260895319078,0.4994460251721314
23286,20250324,0.0694588742755371,0.4994460251721314
23286,20250325,0.0696070269323842,0.4994460251721314
23286,20250326,0.0697080569583653,0.4994460251721314
23286,20250327,0.0700391828676553,0.4994460251721314
23286,20250328,0.0789092394143935,0.4994460251721314
23286,20250331,0.0558284776943229,0.4994460251721314
23286,20250401,0.0558103835775699,0.4958114472333724
23286,20250402,0.0556154191649023,0.4958114472333724
23286,20250403,0.0555704245656434,0.4958114472333724
23286,20250407,0.0571133150488267,0.4958114472333724
23286,20250408,0.0570600310333166,0.4958114472333724
23286,20250409,0.0570856205809973,0.4958114472333724
23286,20250410,0.0569015412122051,0.4958114472333724
23286,20250411,0.0568473545940765,0.4958114472333724
23286,20250414,0.0568183159482439,0.4958114472333724
23286,20250415,0.0568879117400873,0.4958114472333724
23286,20250416,0.0568217697335185,0.4958114472333724
23286,20250417,0.0568247341399122,0.4958114472333724
23286,20250422,0.0567304341497843,0.4958114472333724
23286,20250423,0.0567543261968252,0.4958114472333724
23286,20250424,0.0566795810629728,0.4958114472333724
23286,20250425,0.0566384423394633,0.4958114472333724
23286,20250428,0.0566397990677496,0.4958114472333724
23286,20250429,0.0566382304189681,0.4958114472333724
23286,20250430,0.0566382034250887,0.4958114472333724
23286,20250502,0.0566369356197588,0.4968508780290775
23286,20250506,0.0566367162281799,0.4968508780290775
23286,20250507,0.0563777982655518,0.4968508780290775
23286,20250508,0.0562762862436558,0.4968508780290775
23286,20250509,0.0561568831251113,0.4968508780290775
23286,20250512,0.0566381182958491,0.4968508780290775
23286,20250513,0.0566625245133533,0.4968508780290775
23286,20250514,0.0566580282507491,0.4968508780290775
23286,20250515,0.0565581136700441,0.4968508780290775
23286,20250516,0.0563138292971706,0.4968508780290775
23286,20250519,0.0562660601940576,0.4968508780290775
23286,20250520,0.0560680653937915,0.4968508780290775
23286,20250521,0.0560639734485239,0.4968508780290775
23286,20250522,0.0560528694088849,0.4968508780290775
23286,20250523,0.0556566803292182,0.4968508780290775
23286,20250526,0.055316690927204,0.4968508780290775
23286,20250527,0.0552613742063164,0.4968508780290775
23286,20250528,0.0552110040479647,0.4968508780290775
23286,20250529,0.0552031172805466,0.4968508780290775
23286,20250530,0.0551476681866679,0.4968508780290775
23286,20250602,0.0549289626177421,0.498328650940595
23286,20250603,0.0548945900118402,0.498328650940595
23286,20250604,0.0549082209116599,0.498328650940595
23286,20250605,0.0548942585335215,0.498328650940595
23286,20250606,0.0547646881173723,0.498328650940595
23286,20250609,0.054740375426799,0.498328650940595
23286,20250610,0.0546804584097988,0.498328650940595
23286,20250611,0.0544787981730276,0.498328650940595
23286,20250612,0.0543556524145053,0.498328650940595
23286,20250613,0.0544618713810105,0.498328650940595
23286,20250616,0.0543968882677968,0.498328650940595
23286,20250617,0.0543979480654154,0.498328650940595
23286,20250618,0.0543201024594053,0.498328650940595
23286,20250619,0.0543630844492152,0.498328650940595
23286,20250620,0.0543302292026464,0.498328650940595
23286,20250623,0.0542298342128165,0.498328650940595
23286,20250624,0.05418187021557,0.498328650940595
23286,20250625,0.0540395275276335,0.498328650940595
23286,20250626,0.0539556962875297,0.498328650940595
23286,20250627,0.0539355779163813,0.498328650940595
23286,20250630,0.0539185146751633,0.498328650940595
23286,20250702,0.0538896664646967,0.4932668242923207
23286,20250703,0.0538532226772611,0.4932668242923207
23286,20250704,0.0537815242122903,0.4932668242923207
23286,20250707,0.0537656314967014,0.4932668242923207
23286,20250708,0.0537175038344714,0.4932668242923207
23286,20250709,0.0536051187918579,0.4932668242923207
23286,20250710,0.0538391096925908,0.4932668242923207
23286,20250711,0.0538283457770323,0.4932668242923207
23286,20250714,0.0537746338970296,0.4932668242923207
23286,20250715,0.053771635145488,0.4932668242923207
23286,20250716,0.0537876692520772,0.4932668242923207
23286,20250717,0.0536813247512604,0.4932668242923207
23286,20250718,0.0535352549016787,0.4932668242923207
23286,20250721,0.0535207072836122,0.4932668242923207
23286,20250722,0.0535106046250075,0.4932668242923207
23286,20250723,0.0534335502902946,0.4932668242923207
23286,20250724,0.0533967927522062,0.4932668242923207
23286,20250725,0.0532727218469354,0.4932668242923207
23286,20250728,0.0532272653177856,0.4932668242923207
23286,20250729,0.0531464049291756,0.4932668242923207
23286,20250730,0.0531152206119434,0.4932668242923207
23286,20250731,0.053472961865999,0.4932668242923207
23286,20250801,0.0534300351446383,0.4945707615989967
23286,20250804,0.0533901385340938,0.4945707615989967
23286,20250805,0.0533373969470183,0.4945707615989967
23286,20250806,0.0532251331208817,0.4945707615989967
23286,20250807,0.0531561784911925,0.4945707615989967
23286,20250808,0.0530969366888364,0.4945707615989967
23286,20250811,0.0530252117666972,0.4945707615989967
23286,20250812,0.0530547497965723,0.4945707615989967
23286,20250813,0.052970454323416,0.4945707615989967
23286,20250814,0.0528985702062478,0.4945707615989967
23286,20250815,0.052798101307722,0.4945707615989967
23286,20250818,0.052764606955394,0.4945707615989967
23286,20250819,0.0527609974188683,0.4945707615989967
23286,20250820,0.0527564427116392,0.4945707615989967
23286,20250821,0.0527013843012166,0.4945707615989967
23286,20250822,0.0680851705894411,0.4945707615989967
23286,20250825,0.0680848678354796,0.4945707615989967
23286,20250826,0.0681964230396872,0.4945707615989967
23286,20250827,0.0683470090516918,0.4945707615989967
23286,20250828,0.0683791790331898,0.4945707615989967
23286,20250829,0.0637912180982432,0.4945707615989967
23286,20250901,0.063687543266016,0.4966829193371812
23286,20250902,0.0636606121720412,0.4966829193371812
23286,20250903,0.0636835649689302,0.4966829193371812
23286,20250904,0.0636304915593424,0.4966829193371812
23286,20250905,0.0635174731294361,0.4966829193371812
23286,20250908,0.0634195226029441,0.4878474352047035
23286,20250909,0.063320665070038,0.4878474352047035
23286,20250910,0.0632966515206464,0.4878474352047035
23286,20250911,0.063137197701768,0.4878474352047035
23286,20250912,0.062997664399515,0.4878474352047035
23286,20250915,0.0629082173064966,0.4878474352047035
23286,20250916,0.0628310310671974,0.4878474352047035
23286,20250917,0.0628165043561083,0.4878474352047035
23286,20250918,0.062779038775717,0.4878474352047035
23286,20250919,0.0627256190029393,0.4878474352047035
23286,20250922,0.0626761230384941,0.4878474352047035
23286,20250923,0.0625470217158964,0.4878474352047035
23286,20250924,0.0624337014724548,0.4878474352047035
23286,20250925,0.0624037651264299,0.4878474352047035
23286,20250926,0.0623471768634942,0.4878474352047035
23286,20250929,0.0623068024004857,0.4878474352047035
23286,20250930,0.0611728906753924,0.4878474352047035
23286,20251002,0.0599151520840318,0.4878474352047035
23286,20251003,0.0599559645556643,0.4878474352047035
23286,20251006,0.0586917414277768,0.4878474352047035
23286,20251008,0.0581507807410976,0.4878474352047035
23286,20251009,0.0581377999882472,0.4878474352047035
23286,20251010,0.0581419636394661,0.4878474352047035
23286,20251013,0.0567534279479048,0.4878474352047035
23286,20251014,0.0566288617983181,0.4878474352047035
23286,20251015,0.0565132852439509,0.4878474352047035
23286,20251016,0.0562880652029626,0.4878474352047035
23286,20251017,0.0563095815288386,0.4878474352047035
23286,20251020,0.0562313753980068,0.4878474352047035
23286,20251021,0.0559552612190463,0.4878474352047035
23286,20251022,0.0559524369259342,0.4878474352047035
23286,20251023,0.0559741549672268,0.4878474352047035
23286,20251024,0.0559675922934924,0.4878474352047035
23286,20251027,0.0559461116405269,0.4878474352047035
23286,20251028,0.0559392684201709,0.4878474352047035
23286,20251030,0.0560400712535168,0.4878474352047035
23286,20251031,0.0557272252190831,0.4878474352047035
23286,20251103,0.0557353947109781,0.4878474352047035
23286,20251104,0.055760797996115,0.4878474352047035
23286,20251105,0.0557574786488189,0.4878474352047035
23286,20251106,0.0556813448871621,0.4878474352047035
23286,20251107,0.0556965811597513,0.4878474352047035
23286,20251110,0.0561158774018589,0.4878474352047035
23286,20251111,0.056080267006479,0.4878474352047035
23286,20251112,0.0559382467510673,0.4878474352047035
23286,20251113,0.0558930903604996,0.4878474352047035
23286,20251114,0.0558555738100337,0.4878474352047035
23286,20251117,0.0557545164934157,0.4878474352047035
23286,20251118,0.0557680109047102,0.4878474352047035
23286,20251119,0.0557711873905594,0.4878474352047035
23286,20251120,0.0558137988663252,0.4878474352047035
23286,20251121,0.0558154532998522,0.4878474352047035
23286,20251124,0.0557709401740389,0.4878474352047035
23286,20251125,0.0557654807005539,0.4878474352047035
23286,20251126,0.0557682600706523,0.4878474352047035
23286,20251127,0.0557306623037443,0.4878474352047035
23286,20251128,0.0557030194722811,0.4878474352047035
23286,20251201,0.0557454635110328,0.4878474352047035
23286,20251202,0.0557270102504216,0.4878474352047035
23286,20251203,0.0557241444892469,0.4878474352047035
23286,20251204,0.0556297240876648,0.4878474352047035
23286,20251205,0.055594966249078,0.4878474352047035
23286,20251208,0.055612991798377,0.4878474352047035
23286,20251209,0.0557333764679098,0.4878474352047035
23286,20251210,0.0557452352043509,0.4878474352047035
23286,20251211,0.0556464341187939,0.4878474352047035
23286,20251212,0.0553517798430512,0.4878474352047035
23286,20251215,0.0551735210832714,0.4878474352047035
23286,20251216,0.0551806451119503,0.4878474352047035
23286,20251217,0.0551084679017013,0.4878474352047035
23286,20251218,0.0549908068444174,0.4878474352047035
23286,20251219,0.0549437032363624,0.4878474352047035
23286,20251222,0.0549308187321353,0.4878474352047035
23286,20251223,0.0549137237283131,0.4878474352047035
23286,20251224,0.0548826315366838,0.4878474352047035
23286,20251229,0.0548869424159151,0.4878474352047035
23286,20251230,0.0548879111705412,0.4878474352047035
23286,20251231,0.0551046108286309,0.4878474352047035
23286,20260102,0.0551225913917494,0.4878474352047035
23286,20260105,0.0553300861285337,0.4878474352047035
23286,20260106,0.0552842098042245,0.4878474352047035
23286,20260107,0.0552216755741114,0.4878474352047035
23286,20260108,0.0552299641974542,0.4878474352047035
23286,20260109,0.0551085353846438,0.4878474352047035
23286,20260112,0.0551247290320968,0.4878474352047035
23286,20260113,0.0549756610776095,0.4878474352047035
23286,20260114,0.0549460824869314,0.4878474352047035
23286,20260115,0.0549097882540779,0.4878474352047035
23286,20260116,0.0548802583061426,0.4878474352047035
23286,20260119,0.0548786415304695,0.4878474352047035
23286,20260120,0.0550298028752964,0.4878474352047035
23286,20260121,0.0550414278338279,0.4878474352047035
23286,20260122,0.0550535104099354,0.4878474352047035
23286,20260123,0.0550141708129968,0.4878474352047035
23286,20260126,0.0548440801283738,0.4878474352047035
23286,20260127,0.0547939614810329,0.4878474352047035
23286,20260128,0.055395303456177,0.4878474352047035
23286,20260129,0.0556984525218468,0.4878474352047035
23286,20260130,0.0556849188631947,0.4878474352047035
23286,20260202,0.0559416208384564,0.4878474352047035
23286,20260203,0.056103790340045,0.4878474352047035
23286,20260204,0.0562760436133768,0.4878474352047035
23286,20260205,0.0563352421152951,0.4878474352047035
23286,20260206,0.0563079608880904,0.4878474352047035
23286,20260209,0.0561919019049773,0.4878474352047035
23286,20260210,0.0560646546811276,0.4878474352047035
23286,20260211,0.0560823385445651,0.4878474352047035
23286,20260212,0.0559243822303279,0.4878474352047035
23286,20260213,0.0559429025672169,0.4878474352047035
23286,20260216,0.0559186063764755,0.4878474352047035
23286,20260220,0.0558997786658846,0.4878474352047035
23286,20260223,0.0558746863292953,0.4878474352047035
23286,20260224,0.0558553221895376,0.4878474352047035
23286,20260225,0.055829798717635,0.4878474352047035
23286,20260226,0.0557177344500366,0.4878474352047035
23286,20260227,0.0555445005055948,0.4878474352047035
23286,20260302,0.0556127510718891,0.4878474352047035
23286,20260303,0.0545938478020959,0.4878474352047035
23286,20260304,0.054417554196993,0.4878474352047035
23286,20260305,0.0540989765307148,0.4878474352047035
23286,20260306,0.0541069722131633,0.4878474352047035
23286,20260309,0.0540981020496081,0.4878474352047035
23286,20260310,0.0540056625449122,0.4878474352047035
23286,20260311,0.0534726269162166,0.4878474352047035
23286,20260312,0.0531969824815128,0.4878474352047035
23286,20260313,0.0531148066925666,0.4878474352047035
23286,20260316,0.0532331894669431,0.4878474352047035
23286,20260317,0.053016604337986,0.4878474352047035
23286,20260318,0.0528478462411092,0.4878474352047035
23286,20260319,0.0520852721806668,0.4878474352047035
23286,20260320,0.051891558414428,0.4878474352047035
23286,20260323,0.0520024111321863,0.4878474352047035
23286,20260324,0.052019695874656,0.4878474352047035
23286,20260325,0.0519189344448517,0.4878474352047035
23286,20260326,0.0518715180769917,0.4878474352047035
23286,20260327,0.0518963130646774,0.4878474352047035
23286,20260330,0.051630343738097,0.4878474352047035
23286,20260331,0.0515587134528736,0.4878474352047035
23286,20260401,0.0514307492936679,0.4878474352047035
23286,20260402,0.0429065678784425,0.4878474352047035
23286,20260408,0.0428434508109577,0.4878474352047035
23286,20260409,0.042917833413372,0.4878474352047035
23286,20260410,0.0428509034651381,0.4878474352047035
23286,20260413,0.042875828429991,0.4878474352047035
23286,20260414,0.0418473037040249,0.4878474352047035
23286,20260415,0.0418453738033279,0.4878474352047035
23286,20260416,0.0417604721966343,0.4878474352047035
23286,20260417,0.0416804577968989,0.4878474352047035
23286,20260420,0.0416748093347241,0.4878474352047035
23286,20260421,0.0417396058939953,0.4878474352047035
23286,20260422,0.0416635119908995,0.4878474352047035
23286,20260423,0.0417026115713048,0.4878474352047035
23286,20260424,0.0431420082282494,0.4878474352047035
23286,20260427,0.0431442237990523,0.4878474352047035
23286,20260428,0.043065131902997,0.4878474352047035
23286,20260429,0.043373851262257,0.4878474352047035
23286,20260430,0.0433548598971274,0.4878474352047035
23286,20260504,0.0433021326757952,0.4878474352047035
23286,20260505,0.0433011347678619,0.4878474352047035
23286,20260506,0.0433847745414617,0.4878474352047035
23286,20260507,0.0433153700655843,0.4878474352047035
23286,20260508,0.0436023810727398,0.4878474352047035
23286,20260511,0.0434798562116664,0.4878474352047035
23286,20260512,0.0432517666590807,0.4878474352047035
23286,20260513,0.043286248373935,0.4878474352047035
23286,20260514,0.0426884342958823,0.4878474352047035
23286,20260515,0.042730420694311,0.4878474352047035
23286,20260518,0.0429269837622053,0.4878474352047035
23286,20260519,0.0430413325016541,0.4878474352047035
23286,20260520,0.0430232363059592,0.4878474352047035
23286,20260521,0.043189856247349,0.4878474352047035
23286,20260522,0.0431870523552277,0.4878474352047035
23286,20260526,0.0431824461687231,0.4878474352047035
23286,20260527,0.0431981771733816,0.4878474352047035
23286,20260528,0.0432745225811476,0.4878474352047035
23286,20260529,0.0432663590178823,0.4878474352047035
23286,20260601,0.0433189540808747,0.4878474352047035
23286,20260602,0.0433564512789533,0.4878474352047035
23286,20260603,0.0433178885707964,0.4878474352047035
23286,20260604,0.0433253846519687,0.4878474352047035
23286,20260605,0.0433163588156342,0.4878474352047035
23286,20260608,0.0433382473976689,0.4878474352047035
23286,20260609,0.0433173890904868,0.4878474352047035
23286,20260610,0.0433440786207036,0.4878474352047035
23286,20260611,0.0433411579601996,0.4878474352047035
23286,20260612,0.0433504760697218,0.4878474352047035
23286,20260615,0.0433240271975914,0.4878474352047035
23286,20260616,0.0434160522834672,0.4878474352047035
23286,20260617,0.0433827587447797,0.4878474352047035
23286,20260618,0.0434967954576422,0.4878474352047035
23286,20260622,0.0435271510632995,0.4878474352047035
23286,20260623,0.0435460271094147,0.4878474352047035
23286,20260624,0.0436415861756631,0.4878474352047035
23286,20260625,0.0436113543793332,0.4878474352047035
23286,20260626,0.0436341437673661,0.4878474352047035
23286,20260629,0.0438019661399683,0.4878474352047035
23286,20260630,0.0437626235413316,0.4878474352047035
23286,20260702,0.0437825203128684,0.4878474352047035
23286,20260703,0.0438200085908317,0.4878474352047035
23286,20260706,0.043839448942481,0.4878474352047035
23286,20260707,0.0440103608150561,0.4878474352047035
23286,20260708,0.044056366636721,0.4878474352047035
23286,20260709,0.044126245317076,0.4878474352047035
23286,20260710,0.0441613998524491,0.4878474352047035
23286,20260713,0.0441592774193701,0.4878474352047035
23286,20260714,0.044154769025139,0.4878474352047035
23286,20260715,0.0441597230611987,0.4878474352047035
23286,20260716,0.0438752356446862,0.4878474352047035
23286,20260717,0.0438506506441522,0.4878474352047035
23286,20260720,0.0438815787235853,0.4878474352047035
23286,20260721,0.0438713000686862,0.4878474352047035
23286,20260722,0.0438398037380657,0.4878474352047035
23286,20260723,0.0438778988045136,0.4878474352047035
23286,20260724,0.0440349870311847,0.4878474352047035
23286,20260727,0.0440591337884511,0.4878474352047035
23286,20260728,0.0440188934312521,0.4878474352047035
23286,20260729,0.0440047643009647,0.4878474352047035
23286,20260730,0.0440246867123644,0.4878474352047035
23286,20260731,0.0440314248632398,0.4878474352047035
23286,20260803,0.0440614889185262,0.4878474352047035
23286,20260804,0.0440757119555731,0.4878474352047035
23286,20260805,0.0441291072821785,0.4878474352047035
23286,20260806,0.043806645928451,0.4878474352047035
23286,20260807,0.0438748227350746,0.4878474352047035
23286,20260810,0.0438391784199403,0.4878474352047035
23286,20260811,0.0438474913587619,0.4878474352047035
23286,20260812,0.0443622358792895,0.4878474352047035
23286,20260813,0.0445286802280906,0.4878474352047035
23286,20260814,0.04453933038099,0.4878474352047035
23286,20260817,0.0445424132702433,0.4878474352047035
23286,20260818,0.0445058939142738,0.4878474352047035
23286,20260819,0.0444975890883921,0.4878474352047035
23286,20260820,0.0445271338201694,0.4878474352047035
23286,20260821,0.0445135462571029,0.4878474352047035
23286,20260824,0.044509235553769,0.4878474352047035
23286,20260825,0.0444949643190339,0.4878474352047035
23286,20260826,0.0444803990679651,0.4878474352047035
23286,20260827,0.044529777371214,0.4878474352047035
23286,20260828,0.0286432230816426,0.4878474352047035
23286,20260831,0.0305576955785755,0.4878474352047035
23286,20260901,0.0303071102383438,0.4878474352047035
23286,20260902,0.0301705413024044,0.4878474352047035
23286,20260903,0.0301406616531967,0.4878474352047035
23286,20260904,0.0301583991668155,0.4878474352047035
23286,20260907,0.0302582232340234,0.4878474352047035
23286,20260908,0.0302537198146126,0.4878474352047035
23286,20260909,0.0302079477315961,0.4878474352047035
23286,20260910,0.0302148964052085,0.4878474352047035
23286,20260911,0.0302441506771971,0.4878474352047035
23286,20260914,0.0302574783274422,0.4878474352047035
23286,20260915,0.0302354611923138,0.4878474352047035
